snapshot_date,origin,destination,city,country,region,departure_date,return_date,currency,price_total,carrier,outbound_stops,return_stops,outbound_duration_min,return_duration_min,offers_returned,market,status
2026-07-12,PER,SYD,Sydney,Australia,Australia & NZ,2026-08-04,2026-08-06,AUD,488.0,JQ,0,0,245,305,2,,ok_flex
2026-07-12,PER,MEL,Melbourne,Australia,Australia & NZ,2026-08-04,2026-08-06,AUD,518.0,JQ,0,0,215,260,4,,ok_flex
2026-07-12,PER,BNE,Brisbane,Australia,Australia & NZ,2026-08-11,2026-08-18,AUD,,,,,,,,,no_data
2026-07-12,PER,ADL,Adelaide,Australia,Australia & NZ,2026-08-11,2026-08-18,AUD,,,,,,,,,no_data
2026-07-12,PER,AKL,Auckland,New Zealand,Australia & NZ,2026-08-11,2026-08-13,AUD,1170.0,JQ,2,1,520,495,1,,ok_flex
2026-07-12,PER,CHC,Christchurch,New Zealand,Australia & NZ,2026-08-11,2026-08-18,AUD,,,,,,,,,no_data
2026-07-12,PER,SIN,Singapore,Singapore,Southeast Asia,2026-08-17,2026-08-24,AUD,457.0,TR,0,0,320,310,3,,ok_flex
2026-07-12,PER,KUL,Kuala Lumpur,Malaysia,Southeast Asia,2026-08-24,2026-09-13,AUD,392.0,AK,0,0,335,335,1,,ok_flex
2026-07-12,PER,BKK,Bangkok,Thailand,Southeast Asia,2026-08-12,2026-09-22,AUD,597.0,TR,1,1,475,460,2,,ok_flex
2026-07-12,PER,CGK,Jakarta,Indonesia,Southeast Asia,2026-08-11,2026-08-18,AUD,,,,,,,,,no_data
2026-07-12,PER,DPS,Denpasar,Indonesia,Southeast Asia,2026-08-16,2026-09-04,AUD,334.0,JQ,0,0,220,225,19,,ok_flex
2026-07-12,PER,SGN,Ho Chi Minh City,Vietnam,Southeast Asia,2026-08-09,2026-08-15,AUD,427.0,VJ,0,0,395,415,1,,ok_flex
2026-07-12,PER,HAN,Hanoi,Vietnam,Southeast Asia,2026-08-25,2026-09-14,AUD,573.0,TR,1,1,525,520,1,,ok_flex
2026-07-12,PER,MNL,Manila,Philippines,Southeast Asia,2026-08-04,2026-08-11,AUD,508.0,TR,1,1,560,535,1,,ok_flex
2026-07-12,PER,HKG,Hong Kong,Hong Kong,East Asia,2026-08-11,2026-08-18,AUD,,,,,,,,,no_data
2026-07-12,PER,TPE,Taipei,Taiwan,East Asia,2026-08-11,2026-08-18,AUD,,,,,,,,,no_data
2026-07-12,PER,ICN,Seoul,South Korea,East Asia,2026-08-11,2026-08-18,AUD,,,,,,,,,no_data
2026-07-12,PER,NRT,Tokyo,Japan,East Asia,2026-08-11,2026-08-18,AUD,,,,,,,,,no_data
2026-07-12,PER,KIX,Osaka,Japan,East Asia,2026-08-11,2026-08-18,AUD,,,,,,,,,no_data
2026-07-12,PER,PVG,Shanghai,China,East Asia,2026-08-11,2026-08-18,AUD,,,,,,,,,no_data
2026-07-12,PER,PEK,Beijing,China,East Asia,2026-08-03,2026-08-11,AUD,838.0,SQ,1,1,700,695,3,,ok_flex
2026-07-12,PER,CAN,Guangzhou,China,East Asia,2026-08-11,2026-08-18,AUD,,,,,,,,,no_data
2026-07-12,PER,DEL,Delhi,India,South Asia,2026-08-11,2026-08-18,AUD,,,,,,,,,no_data
2026-07-12,PER,BOM,Mumbai,India,South Asia,2026-08-11,2026-08-18,AUD,,,,,,,,,no_data
2026-07-12,PER,CMB,Colombo,Sri Lanka,South Asia,2026-08-11,2026-08-18,AUD,,,,,,,,,no_data
2026-07-12,PER,DXB,Dubai,United Arab Emirates,Middle East,2026-08-11,2026-08-18,AUD,,,,,,,,,no_data
2026-07-12,PER,DOH,Doha,Qatar,Middle East,2026-08-11,2026-08-18,AUD,,,,,,,,,no_data
2026-07-12,PER,AUH,Abu Dhabi,United Arab Emirates,Middle East,2026-08-11,2026-08-18,AUD,,,,,,,,,no_data
2026-07-12,PER,LHR,London,United Kingdom,Europe,2026-08-03,2026-08-30,AUD,1510.0,VJ,2,2,1315,1210,1,,ok_flex
2026-07-12,PER,CDG,Paris,France,Europe,2026-08-11,2026-08-18,AUD,,,,,,,,,no_data
2026-07-12,PER,FRA,Frankfurt,Germany,Europe,2026-08-11,2026-08-18,AUD,,,,,,,,,no_data
2026-07-12,PER,AMS,Amsterdam,Netherlands,Europe,2026-08-11,2026-08-18,AUD,,,,,,,,,no_data
2026-07-12,PER,FCO,Rome,Italy,Europe,2026-08-11,2026-08-18,AUD,,,,,,,,,no_data
2026-07-12,PER,MAD,Madrid,Spain,Europe,2026-08-11,2026-08-18,AUD,,,,,,,,,no_data
2026-07-12,PER,IST,Istanbul,Turkey,Europe,2026-08-11,2026-08-18,AUD,,,,,,,,,no_data
2026-07-12,PER,ZRH,Zurich,Switzerland,Europe,2026-08-11,2026-08-18,AUD,,,,,,,,,no_data
2026-07-12,PER,JNB,Johannesburg,South Africa,Africa,2026-08-11,2026-08-18,AUD,,,,,,,,,no_data
2026-07-12,PER,CAI,Cairo,Egypt,Africa,2026-08-11,2026-08-18,AUD,,,,,,,,,no_data
2026-07-12,PER,JFK,New York,United States,Americas,2026-08-11,2026-08-18,AUD,,,,,,,,,no_data
2026-07-12,PER,LAX,Los Angeles,United States,Americas,2026-08-11,2026-08-18,AUD,,,,,,,,,no_data
2026-07-12,PER,SFO,San Francisco,United States,Americas,2026-08-11,2026-08-18,AUD,,,,,,,,,no_data
2026-07-12,PER,YVR,Vancouver,Canada,Americas,2026-08-11,2026-08-18,AUD,,,,,,,,,no_data
2026-07-12,PER,YYZ,Toronto,Canada,Americas,2026-08-11,2026-08-18,AUD,,,,,,,,,no_data
2026-07-12,PER,SYD,Sydney,Australia,Australia & NZ,2026-08-04,2026-08-06,AUD,488.0,JQ,0,0,245,305,2,au,ok_flex
2026-07-12,PER,MEL,Melbourne,Australia,Australia & NZ,2026-08-04,2026-08-06,AUD,518.0,JQ,0,0,215,260,4,au,ok_flex
2026-07-12,PER,BNE,Brisbane,Australia,Australia & NZ,2026-08-11,2026-08-18,AUD,,,,,,,,,no_data
2026-07-12,PER,ADL,Adelaide,Australia,Australia & NZ,2026-08-11,2026-08-18,AUD,,,,,,,,,no_data
2026-07-12,PER,AKL,Auckland,New Zealand,Australia & NZ,2026-08-11,2026-08-13,AUD,1170.0,JQ,2,1,520,495,1,au,ok_flex
2026-07-12,PER,CHC,Christchurch,New Zealand,Australia & NZ,2026-08-11,2026-08-18,AUD,,,,,,,,,no_data
2026-07-12,PER,SIN,Singapore,Singapore,Southeast Asia,2026-08-17,2026-08-24,AUD,457.0,TR,0,0,320,310,3,au,ok_flex
2026-07-12,PER,KUL,Kuala Lumpur,Malaysia,Southeast Asia,2026-08-24,2026-09-13,AUD,392.0,AK,0,0,335,335,1,au,ok_flex
2026-07-12,PER,BKK,Bangkok,Thailand,Southeast Asia,2026-08-12,2026-09-22,AUD,597.0,TR,1,1,475,460,2,au,ok_flex
2026-07-12,PER,CGK,Jakarta,Indonesia,Southeast Asia,2026-08-11,2026-08-18,AUD,,,,,,,,,no_data
2026-07-12,PER,DPS,Denpasar,Indonesia,Southeast Asia,2026-08-16,2026-09-04,AUD,334.0,JQ,0,0,220,225,10,au,ok_flex
2026-07-12,PER,SGN,Ho Chi Minh City,Vietnam,Southeast Asia,2026-08-09,2026-08-15,AUD,427.0,VJ,0,0,395,415,1,au,ok_flex
2026-07-12,PER,HAN,Hanoi,Vietnam,Southeast Asia,2026-08-25,2026-09-14,AUD,573.0,TR,1,1,525,520,1,au,ok_flex
2026-07-12,PER,MNL,Manila,Philippines,Southeast Asia,2026-08-04,2026-08-11,AUD,508.0,TR,1,1,560,535,1,au,ok_flex
2026-07-12,PER,HKG,Hong Kong,Hong Kong,East Asia,2026-08-11,2026-08-18,AUD,,,,,,,,,no_data
2026-07-12,PER,TPE,Taipei,Taiwan,East Asia,2026-08-11,2026-08-18,AUD,,,,,,,,,no_data
2026-07-12,PER,ICN,Seoul,South Korea,East Asia,2026-08-11,2026-08-18,AUD,,,,,,,,,no_data
2026-07-12,PER,NRT,Tokyo,Japan,East Asia,2026-08-11,2026-08-18,AUD,,,,,,,,,no_data
2026-07-12,PER,KIX,Osaka,Japan,East Asia,2026-08-11,2026-08-18,AUD,,,,,,,,,no_data
2026-07-12,PER,PVG,Shanghai,China,East Asia,2026-08-11,2026-08-18,AUD,,,,,,,,,no_data
2026-07-12,PER,PEK,Beijing,China,East Asia,2026-08-03,2026-08-11,AUD,838.0,SQ,1,1,700,695,3,au,ok_flex
2026-07-12,PER,CAN,Guangzhou,China,East Asia,2026-08-11,2026-08-18,AUD,,,,,,,,,no_data
2026-07-12,PER,DEL,Delhi,India,South Asia,2026-08-11,2026-08-18,AUD,,,,,,,,,no_data
2026-07-12,PER,BOM,Mumbai,India,South Asia,2026-08-11,2026-08-18,AUD,,,,,,,,,no_data
2026-07-12,PER,CMB,Colombo,Sri Lanka,South Asia,2026-08-11,2026-08-18,AUD,,,,,,,,,no_data
2026-07-12,PER,DXB,Dubai,United Arab Emirates,Middle East,2026-08-11,2026-08-18,AUD,,,,,,,,,no_data
2026-07-12,PER,DOH,Doha,Qatar,Middle East,2026-08-11,2026-08-18,AUD,,,,,,,,,no_data
2026-07-12,PER,AUH,Abu Dhabi,United Arab Emirates,Middle East,2026-08-11,2026-08-18,AUD,,,,,,,,,no_data
2026-07-12,PER,LHR,London,United Kingdom,Europe,2026-08-03,2026-08-30,AUD,1510.0,VJ,2,2,1315,1210,1,au,ok_flex
2026-07-12,PER,CDG,Paris,France,Europe,2026-08-11,2026-08-18,AUD,,,,,,,,,no_data
2026-07-12,PER,FRA,Frankfurt,Germany,Europe,2026-08-11,2026-08-18,AUD,,,,,,,,,no_data
2026-07-12,PER,AMS,Amsterdam,Netherlands,Europe,2026-08-11,2026-08-18,AUD,,,,,,,,,no_data
2026-07-12,PER,FCO,Rome,Italy,Europe,2026-08-11,2026-08-18,AUD,,,,,,,,,no_data
2026-07-12,PER,MAD,Madrid,Spain,Europe,2026-08-11,2026-08-18,AUD,,,,,,,,,no_data
2026-07-12,PER,IST,Istanbul,Turkey,Europe,2026-08-11,2026-08-18,AUD,,,,,,,,,no_data
2026-07-12,PER,ZRH,Zurich,Switzerland,Europe,2026-08-11,2026-08-18,AUD,,,,,,,,,no_data
2026-07-12,PER,JNB,Johannesburg,South Africa,Africa,2026-08-11,2026-08-18,AUD,,,,,,,,,no_data
2026-07-12,PER,CAI,Cairo,Egypt,Africa,2026-08-11,2026-08-18,AUD,,,,,,,,,no_data
2026-07-12,PER,JFK,New York,United States,Americas,2026-08-11,2026-08-18,AUD,,,,,,,,,no_data
2026-07-12,PER,LAX,Los Angeles,United States,Americas,2026-08-11,2026-08-18,AUD,,,,,,,,,no_data
2026-07-12,PER,SFO,San Francisco,United States,Americas,2026-08-11,2026-08-18,AUD,,,,,,,,,no_data
2026-07-12,PER,YVR,Vancouver,Canada,Americas,2026-08-11,2026-08-18,AUD,,,,,,,,,no_data
2026-07-12,PER,YYZ,Toronto,Canada,Americas,2026-08-11,2026-08-18,AUD,,,,,,,,,no_data
2026-07-13,PER,SYD,Sydney,Australia,Australia & NZ,2026-08-04,2026-08-06,AUD,488.0,JQ,0,0,245,305,2,au,ok_flex
2026-07-13,PER,MEL,Melbourne,Australia,Australia & NZ,2026-08-04,2026-08-06,AUD,518.0,JQ,0,0,215,260,4,au,ok_flex
2026-07-13,PER,BNE,Brisbane,Australia,Australia & NZ,2026-08-12,2026-08-19,AUD,,,,,,,,,no_data
2026-07-13,PER,ADL,Adelaide,Australia,Australia & NZ,2026-08-12,2026-08-19,AUD,,,,,,,,,no_data
2026-07-13,PER,AKL,Auckland,New Zealand,Australia & NZ,2026-08-11,2026-08-13,AUD,1173.0,JQ,2,1,520,495,1,au,ok_flex
2026-07-13,PER,CHC,Christchurch,New Zealand,Australia & NZ,2026-08-12,2026-08-19,AUD,,,,,,,,,no_data
2026-07-13,PER,SIN,Singapore,Singapore,Southeast Asia,2026-08-17,2026-08-24,AUD,457.0,TR,0,0,320,310,3,au,ok_flex
2026-07-13,PER,KUL,Kuala Lumpur,Malaysia,Southeast Asia,2026-08-24,2026-09-13,AUD,392.0,AK,0,0,335,335,1,au,ok_flex
2026-07-13,PER,BKK,Bangkok,Thailand,Southeast Asia,2026-08-12,2026-09-22,AUD,597.0,TR,1,1,475,460,2,au,ok_flex
2026-07-13,PER,CGK,Jakarta,Indonesia,Southeast Asia,2026-08-12,2026-08-19,AUD,,,,,,,,,no_data
2026-07-13,PER,DPS,Denpasar,Indonesia,Southeast Asia,2026-08-16,2026-09-04,AUD,334.0,JQ,0,0,220,225,10,au,ok_flex
2026-07-13,PER,SGN,Ho Chi Minh City,Vietnam,Southeast Asia,2026-08-09,2026-08-15,AUD,427.0,VJ,0,0,395,415,1,au,ok_flex
2026-07-13,PER,HAN,Hanoi,Vietnam,Southeast Asia,2026-08-25,2026-09-14,AUD,573.0,TR,1,1,525,520,1,au,ok_flex
2026-07-13,PER,MNL,Manila,Philippines,Southeast Asia,2026-08-04,2026-08-11,AUD,508.0,TR,1,1,560,535,1,au,ok_flex
2026-07-13,PER,HKG,Hong Kong,Hong Kong,East Asia,2026-08-12,2026-08-19,AUD,,,,,,,,,no_data
2026-07-13,PER,TPE,Taipei,Taiwan,East Asia,2026-08-12,2026-08-19,AUD,,,,,,,,,no_data
2026-07-13,PER,ICN,Seoul,South Korea,East Asia,2026-08-12,2026-08-19,AUD,,,,,,,,,no_data
2026-07-13,PER,NRT,Tokyo,Japan,East Asia,2026-08-12,2026-08-19,AUD,,,,,,,,,no_data
2026-07-13,PER,KIX,Osaka,Japan,East Asia,2026-08-12,2026-08-19,AUD,,,,,,,,,no_data
2026-07-13,PER,PVG,Shanghai,China,East Asia,2026-08-12,2026-08-19,AUD,,,,,,,,,no_data
2026-07-13,PER,PEK,Beijing,China,East Asia,2026-08-03,2026-08-11,AUD,840.0,SQ,1,1,700,695,3,au,ok_flex
2026-07-13,PER,CAN,Guangzhou,China,East Asia,2026-08-12,2026-08-19,AUD,,,,,,,,,no_data
2026-07-13,PER,DEL,Delhi,India,South Asia,2026-08-12,2026-08-19,AUD,,,,,,,,,no_data
2026-07-13,PER,BOM,Mumbai,India,South Asia,2026-08-12,2026-08-19,AUD,,,,,,,,,no_data
2026-07-13,PER,CMB,Colombo,Sri Lanka,South Asia,2026-08-12,2026-08-19,AUD,,,,,,,,,no_data
2026-07-13,PER,DXB,Dubai,United Arab Emirates,Middle East,2026-08-12,2026-08-19,AUD,,,,,,,,,no_data
2026-07-13,PER,DOH,Doha,Qatar,Middle East,2026-08-12,2026-08-19,AUD,,,,,,,,,no_data
2026-07-13,PER,AUH,Abu Dhabi,United Arab Emirates,Middle East,2026-08-12,2026-08-19,AUD,,,,,,,,,no_data
2026-07-13,PER,LHR,London,United Kingdom,Europe,2026-08-03,2026-08-30,AUD,1510.0,VJ,2,2,1315,1210,1,au,ok_flex
2026-07-13,PER,CDG,Paris,France,Europe,2026-08-12,2026-08-19,AUD,,,,,,,,,no_data
2026-07-13,PER,FRA,Frankfurt,Germany,Europe,2026-08-12,2026-08-19,AUD,,,,,,,,,no_data
2026-07-13,PER,AMS,Amsterdam,Netherlands,Europe,2026-08-12,2026-08-19,AUD,,,,,,,,,no_data
2026-07-13,PER,FCO,Rome,Italy,Europe,2026-08-12,2026-08-19,AUD,,,,,,,,,no_data
2026-07-13,PER,MAD,Madrid,Spain,Europe,2026-08-12,2026-08-19,AUD,,,,,,,,,no_data
2026-07-13,PER,IST,Istanbul,Turkey,Europe,2026-08-12,2026-08-19,AUD,,,,,,,,,no_data
2026-07-13,PER,ZRH,Zurich,Switzerland,Europe,2026-08-12,2026-08-19,AUD,,,,,,,,,no_data
2026-07-13,PER,JNB,Johannesburg,South Africa,Africa,2026-08-12,2026-08-19,AUD,,,,,,,,,no_data
2026-07-13,PER,CAI,Cairo,Egypt,Africa,2026-08-12,2026-08-19,AUD,,,,,,,,,no_data
2026-07-13,PER,JFK,New York,United States,Americas,2026-08-12,2026-08-19,AUD,,,,,,,,,no_data
2026-07-13,PER,LAX,Los Angeles,United States,Americas,2026-08-12,2026-08-19,AUD,,,,,,,,,no_data
2026-07-13,PER,SFO,San Francisco,United States,Americas,2026-08-12,2026-08-19,AUD,,,,,,,,,no_data
2026-07-13,PER,YVR,Vancouver,Canada,Americas,2026-08-12,2026-08-19,AUD,,,,,,,,,no_data
2026-07-13,PER,YYZ,Toronto,Canada,Americas,2026-08-12,2026-08-19,AUD,,,,,,,,,no_data
2026-07-14,PER,SYD,Sydney,Australia,Australia & NZ,2026-08-04,2026-08-06,AUD,488.0,JQ,0,0,245,305,2,au,ok_flex
2026-07-14,PER,MEL,Melbourne,Australia,Australia & NZ,2026-08-04,2026-08-06,AUD,518.0,JQ,0,0,215,260,5,au,ok_flex
2026-07-14,PER,BNE,Brisbane,Australia,Australia & NZ,2026-08-13,2026-08-20,AUD,,,,,,,,,no_data
2026-07-14,PER,ADL,Adelaide,Australia,Australia & NZ,2026-08-01,2026-08-04,AUD,424.0,JQ,0,0,170,195,1,au,ok_flex
2026-07-14,PER,AKL,Auckland,New Zealand,Australia & NZ,2026-08-11,2026-08-13,AUD,1173.0,JQ,2,1,520,495,1,au,ok_flex
2026-07-14,PER,CHC,Christchurch,New Zealand,Australia & NZ,2026-08-13,2026-08-20,AUD,,,,,,,,,no_data
2026-07-14,PER,SIN,Singapore,Singapore,Southeast Asia,2026-08-17,2026-08-24,AUD,457.0,TR,0,0,320,310,3,au,ok_flex
2026-07-14,PER,KUL,Kuala Lumpur,Malaysia,Southeast Asia,2026-08-13,2026-08-20,AUD,,,,,,,,,no_data
2026-07-14,PER,BKK,Bangkok,Thailand,Southeast Asia,2026-08-12,2026-09-22,AUD,597.0,TR,1,1,475,460,2,au,ok_flex
2026-07-14,PER,CGK,Jakarta,Indonesia,Southeast Asia,2026-08-13,2026-08-20,AUD,,,,,,,,,no_data
2026-07-14,PER,DPS,Denpasar,Indonesia,Southeast Asia,2026-08-16,2026-09-04,AUD,334.0,JQ,0,0,220,225,10,au,ok_flex
2026-07-14,PER,SGN,Ho Chi Minh City,Vietnam,Southeast Asia,2026-08-09,2026-08-15,AUD,427.0,VJ,0,0,395,415,1,au,ok_flex
2026-07-14,PER,HAN,Hanoi,Vietnam,Southeast Asia,2026-08-13,2026-08-20,AUD,,,,,,,,,no_data
2026-07-14,PER,MNL,Manila,Philippines,Southeast Asia,2026-08-13,2026-08-20,AUD,,,,,,,,,no_data
2026-07-14,PER,HKG,Hong Kong,Hong Kong,East Asia,2026-08-13,2026-08-20,AUD,,,,,,,,,no_data
2026-07-14,PER,TPE,Taipei,Taiwan,East Asia,2026-08-13,2026-08-20,AUD,,,,,,,,,no_data
2026-07-14,PER,ICN,Seoul,South Korea,East Asia,2026-08-13,2026-08-20,AUD,,,,,,,,,no_data
2026-07-14,PER,NRT,Tokyo,Japan,East Asia,2026-08-13,2026-08-20,AUD,,,,,,,,,no_data
2026-07-14,PER,KIX,Osaka,Japan,East Asia,2026-08-13,2026-08-20,AUD,,,,,,,,,no_data
2026-07-14,PER,PVG,Shanghai,China,East Asia,2026-08-13,2026-08-20,AUD,,,,,,,,,no_data
2026-07-14,PER,PEK,Beijing,China,East Asia,2026-08-03,2026-08-11,AUD,840.0,SQ,1,1,700,695,5,au,ok_flex
2026-07-14,PER,CAN,Guangzhou,China,East Asia,2026-08-13,2026-08-20,AUD,,,,,,,,,no_data
2026-07-14,PER,DEL,Delhi,India,South Asia,2026-08-13,2026-08-20,AUD,,,,,,,,,no_data
2026-07-14,PER,BOM,Mumbai,India,South Asia,2026-08-13,2026-08-20,AUD,,,,,,,,,no_data
2026-07-14,PER,CMB,Colombo,Sri Lanka,South Asia,2026-08-13,2026-08-20,AUD,,,,,,,,,no_data
2026-07-14,PER,DXB,Dubai,United Arab Emirates,Middle East,2026-08-13,2026-08-20,AUD,,,,,,,,,no_data
2026-07-14,PER,DOH,Doha,Qatar,Middle East,2026-08-13,2026-08-20,AUD,,,,,,,,,no_data
2026-07-14,PER,AUH,Abu Dhabi,United Arab Emirates,Middle East,2026-08-13,2026-08-20,AUD,,,,,,,,,no_data
2026-07-14,PER,LHR,London,United Kingdom,Europe,2026-08-03,2026-08-30,AUD,1510.0,VJ,2,2,1315,1210,1,au,ok_flex
2026-07-14,PER,CDG,Paris,France,Europe,2026-08-13,2026-08-20,AUD,,,,,,,,,no_data
2026-07-14,PER,FRA,Frankfurt,Germany,Europe,2026-08-13,2026-08-20,AUD,,,,,,,,,no_data
2026-07-14,PER,AMS,Amsterdam,Netherlands,Europe,2026-08-13,2026-08-20,AUD,,,,,,,,,no_data
2026-07-14,PER,FCO,Rome,Italy,Europe,2026-08-13,2026-08-20,AUD,,,,,,,,,no_data
2026-07-14,PER,MAD,Madrid,Spain,Europe,2026-08-13,2026-08-20,AUD,,,,,,,,,no_data
2026-07-14,PER,IST,Istanbul,Turkey,Europe,2026-08-13,2026-08-20,AUD,,,,,,,,,no_data
2026-07-14,PER,ZRH,Zurich,Switzerland,Europe,2026-08-13,2026-08-20,AUD,,,,,,,,,no_data
2026-07-14,PER,JNB,Johannesburg,South Africa,Africa,2026-08-13,2026-08-20,AUD,,,,,,,,,no_data
2026-07-14,PER,CAI,Cairo,Egypt,Africa,2026-08-13,2026-08-20,AUD,,,,,,,,,no_data
2026-07-14,PER,JFK,New York,United States,Americas,2026-08-13,2026-08-20,AUD,,,,,,,,,no_data
2026-07-14,PER,LAX,Los Angeles,United States,Americas,2026-08-13,2026-08-20,AUD,,,,,,,,,no_data
2026-07-14,PER,SFO,San Francisco,United States,Americas,2026-08-13,2026-08-20,AUD,,,,,,,,,no_data
2026-07-14,PER,YVR,Vancouver,Canada,Americas,2026-08-13,2026-08-20,AUD,,,,,,,,,no_data
2026-07-14,PER,YYZ,Toronto,Canada,Americas,2026-08-13,2026-08-20,AUD,,,,,,,,,no_data
2026-07-15,PER,SYD,Sydney,Australia,Australia & NZ,2026-08-04,2026-08-06,AUD,488.0,JQ,0,0,245,305,2,au,ok_flex
2026-07-15,PER,MEL,Melbourne,Australia,Australia & NZ,2026-08-04,2026-08-06,AUD,518.0,JQ,0,0,215,260,5,au,ok_flex
2026-07-15,PER,BNE,Brisbane,Australia,Australia & NZ,2026-08-14,2026-08-21,AUD,,,,,,,,,no_data
2026-07-15,PER,ADL,Adelaide,Australia,Australia & NZ,2026-08-01,2026-08-04,AUD,424.0,JQ,0,0,170,195,1,au,ok_flex
2026-07-15,PER,AKL,Auckland,New Zealand,Australia & NZ,2026-08-11,2026-08-13,AUD,1173.0,JQ,2,1,520,495,1,au,ok_flex
2026-07-15,PER,CHC,Christchurch,New Zealand,Australia & NZ,2026-08-14,2026-08-21,AUD,,,,,,,,,no_data
2026-07-15,PER,SIN,Singapore,Singapore,Southeast Asia,2026-08-17,2026-08-24,AUD,457.0,TR,0,0,320,310,2,au,ok_flex
2026-07-15,PER,KUL,Kuala Lumpur,Malaysia,Southeast Asia,2026-08-14,2026-08-21,AUD,,,,,,,,,no_data
2026-07-15,PER,BKK,Bangkok,Thailand,Southeast Asia,2026-08-12,2026-09-22,AUD,597.0,TR,1,1,475,460,1,au,ok_flex
2026-07-15,PER,CGK,Jakarta,Indonesia,Southeast Asia,2026-08-14,2026-08-21,AUD,,,,,,,,,no_data
2026-07-15,PER,DPS,Denpasar,Indonesia,Southeast Asia,2026-08-16,2026-09-04,AUD,334.0,JQ,0,0,220,225,10,au,ok_flex
2026-07-15,PER,SGN,Ho Chi Minh City,Vietnam,Southeast Asia,2026-08-09,2026-08-15,AUD,427.0,VJ,0,0,395,415,2,au,ok_flex
2026-07-15,PER,HAN,Hanoi,Vietnam,Southeast Asia,2026-08-14,2026-08-21,AUD,,,,,,,,,no_data
2026-07-15,PER,MNL,Manila,Philippines,Southeast Asia,2026-08-14,2026-08-21,AUD,,,,,,,,,no_data
2026-07-15,PER,HKG,Hong Kong,Hong Kong,East Asia,2026-08-14,2026-08-21,AUD,,,,,,,,,no_data
2026-07-15,PER,TPE,Taipei,Taiwan,East Asia,2026-08-14,2026-08-21,AUD,,,,,,,,,no_data
2026-07-15,PER,ICN,Seoul,South Korea,East Asia,2026-08-14,2026-08-21,AUD,,,,,,,,,no_data
2026-07-15,PER,NRT,Tokyo,Japan,East Asia,2026-08-14,2026-08-21,AUD,,,,,,,,,no_data
2026-07-15,PER,KIX,Osaka,Japan,East Asia,2026-08-14,2026-08-21,AUD,,,,,,,,,no_data
2026-07-15,PER,PVG,Shanghai,China,East Asia,2026-08-14,2026-08-21,AUD,,,,,,,,,no_data
2026-07-15,PER,PEK,Beijing,China,East Asia,2026-08-03,2026-08-11,AUD,840.0,SQ,1,1,700,695,4,au,ok_flex
2026-07-15,PER,CAN,Guangzhou,China,East Asia,2026-08-14,2026-08-21,AUD,,,,,,,,,no_data
2026-07-15,PER,DEL,Delhi,India,South Asia,2026-08-14,2026-08-21,AUD,,,,,,,,,no_data
2026-07-15,PER,BOM,Mumbai,India,South Asia,2026-08-14,2026-08-21,AUD,,,,,,,,,no_data
2026-07-15,PER,CMB,Colombo,Sri Lanka,South Asia,2026-08-14,2026-08-21,AUD,,,,,,,,,no_data
2026-07-15,PER,DXB,Dubai,United Arab Emirates,Middle East,2026-08-14,2026-08-21,AUD,,,,,,,,,no_data
2026-07-15,PER,DOH,Doha,Qatar,Middle East,2026-08-14,2026-08-21,AUD,,,,,,,,,no_data
2026-07-15,PER,AUH,Abu Dhabi,United Arab Emirates,Middle East,2026-08-14,2026-08-21,AUD,,,,,,,,,no_data
2026-07-15,PER,LHR,London,United Kingdom,Europe,2026-08-03,2026-08-30,AUD,1510.0,VJ,2,2,1315,1210,1,au,ok_flex
2026-07-15,PER,CDG,Paris,France,Europe,2026-08-14,2026-08-21,AUD,,,,,,,,,no_data
2026-07-15,PER,FRA,Frankfurt,Germany,Europe,2026-08-14,2026-08-21,AUD,,,,,,,,,no_data
2026-07-15,PER,AMS,Amsterdam,Netherlands,Europe,2026-08-14,2026-08-21,AUD,,,,,,,,,no_data
2026-07-15,PER,FCO,Rome,Italy,Europe,2026-08-14,2026-08-21,AUD,,,,,,,,,no_data
2026-07-15,PER,MAD,Madrid,Spain,Europe,2026-08-14,2026-08-21,AUD,,,,,,,,,no_data
2026-07-15,PER,IST,Istanbul,Turkey,Europe,2026-08-01,2026-08-04,AUD,1457.0,AK,1,2,1000,1180,1,au,ok_flex
2026-07-15,PER,ZRH,Zurich,Switzerland,Europe,2026-08-14,2026-08-21,AUD,,,,,,,,,no_data
2026-07-15,PER,JNB,Johannesburg,South Africa,Africa,2026-08-14,2026-08-21,AUD,,,,,,,,,no_data
2026-07-15,PER,CAI,Cairo,Egypt,Africa,2026-08-14,2026-08-21,AUD,,,,,,,,,no_data
2026-07-15,PER,JFK,New York,United States,Americas,2026-08-14,2026-08-21,AUD,,,,,,,,,no_data
2026-07-15,PER,LAX,Los Angeles,United States,Americas,2026-08-14,2026-08-21,AUD,,,,,,,,,no_data
2026-07-15,PER,SFO,San Francisco,United States,Americas,2026-08-14,2026-08-21,AUD,,,,,,,,,no_data
2026-07-15,PER,YVR,Vancouver,Canada,Americas,2026-08-14,2026-08-21,AUD,,,,,,,,,no_data
2026-07-15,PER,YYZ,Toronto,Canada,Americas,2026-08-14,2026-08-21,AUD,,,,,,,,,no_data
2026-07-16,PER,SYD,Sydney,Australia,Australia & NZ,2026-08-04,2026-08-06,AUD,488.0,JQ,0,0,245,305,2,au,ok_flex
2026-07-16,PER,MEL,Melbourne,Australia,Australia & NZ,2026-08-04,2026-08-06,AUD,518.0,JQ,0,0,215,260,7,au,ok_flex
2026-07-16,PER,BNE,Brisbane,Australia,Australia & NZ,2026-08-15,2026-08-22,AUD,,,,,,,,,no_data
2026-07-16,PER,ADL,Adelaide,Australia,Australia & NZ,2026-08-01,2026-08-04,AUD,424.0,JQ,0,0,170,195,1,au,ok_flex
2026-07-16,PER,AKL,Auckland,New Zealand,Australia & NZ,2026-08-11,2026-08-13,AUD,1173.0,JQ,2,1,520,495,1,au,ok_flex
2026-07-16,PER,CHC,Christchurch,New Zealand,Australia & NZ,2026-08-15,2026-08-22,AUD,,,,,,,,,no_data
2026-07-16,PER,SIN,Singapore,Singapore,Southeast Asia,2026-08-17,2026-08-24,AUD,457.0,TR,0,0,320,310,2,au,ok_flex
2026-07-16,PER,KUL,Kuala Lumpur,Malaysia,Southeast Asia,2026-08-16,2026-09-13,AUD,345.0,AK,0,0,335,335,1,au,ok_flex
2026-07-16,PER,BKK,Bangkok,Thailand,Southeast Asia,2026-08-12,2026-09-22,AUD,529.0,TR,1,1,475,460,1,au,ok_flex
2026-07-16,PER,CGK,Jakarta,Indonesia,Southeast Asia,2026-08-15,2026-08-22,AUD,,,,,,,,,no_data
2026-07-16,PER,DPS,Denpasar,Indonesia,Southeast Asia,2026-08-16,2026-09-04,AUD,334.0,JQ,0,0,220,225,10,au,ok_flex
2026-07-16,PER,SGN,Ho Chi Minh City,Vietnam,Southeast Asia,2026-08-09,2026-08-15,AUD,482.0,VJ,0,0,395,415,3,au,ok_flex
2026-07-16,PER,HAN,Hanoi,Vietnam,Southeast Asia,2026-08-10,2026-08-17,AUD,576.0,VJ,1,1,525,520,2,au,ok_flex
2026-07-16,PER,MNL,Manila,Philippines,Southeast Asia,2026-08-15,2026-08-22,AUD,,,,,,,,,no_data
2026-07-16,PER,HKG,Hong Kong,Hong Kong,East Asia,2026-08-15,2026-08-22,AUD,,,,,,,,,no_data
2026-07-16,PER,TPE,Taipei,Taiwan,East Asia,2026-08-15,2026-08-22,AUD,,,,,,,,,no_data
2026-07-16,PER,ICN,Seoul,South Korea,East Asia,2026-08-15,2026-08-22,AUD,,,,,,,,,no_data
2026-07-16,PER,NRT,Tokyo,Japan,East Asia,2026-08-15,2026-08-22,AUD,,,,,,,,,no_data
2026-07-16,PER,KIX,Osaka,Japan,East Asia,2026-08-15,2026-08-22,AUD,,,,,,,,,no_data
2026-07-16,PER,PVG,Shanghai,China,East Asia,2026-08-03,2026-08-09,AUD,783.0,AK,1,1,655,675,1,au,ok_flex
2026-07-16,PER,PEK,Beijing,China,East Asia,2026-08-03,2026-08-11,AUD,840.0,SQ,1,1,700,695,4,au,ok_flex
2026-07-16,PER,CAN,Guangzhou,China,East Asia,2026-08-15,2026-08-22,AUD,,,,,,,,,no_data
2026-07-16,PER,DEL,Delhi,India,South Asia,2026-08-15,2026-08-22,AUD,,,,,,,,,no_data
2026-07-16,PER,BOM,Mumbai,India,South Asia,2026-08-15,2026-08-22,AUD,,,,,,,,,no_data
2026-07-16,PER,CMB,Colombo,Sri Lanka,South Asia,2026-08-15,2026-08-22,AUD,,,,,,,,,no_data
2026-07-16,PER,DXB,Dubai,United Arab Emirates,Middle East,2026-08-15,2026-08-22,AUD,,,,,,,,,no_data
2026-07-16,PER,DOH,Doha,Qatar,Middle East,2026-08-15,2026-08-22,AUD,,,,,,,,,no_data
2026-07-16,PER,AUH,Abu Dhabi,United Arab Emirates,Middle East,2026-08-15,2026-08-22,AUD,,,,,,,,,no_data
2026-07-16,PER,LHR,London,United Kingdom,Europe,2026-08-15,2026-08-22,AUD,,,,,,,,,no_data
2026-07-16,PER,CDG,Paris,France,Europe,2026-08-15,2026-08-22,AUD,,,,,,,,,no_data
2026-07-16,PER,FRA,Frankfurt,Germany,Europe,2026-08-15,2026-08-22,AUD,,,,,,,,,no_data
2026-07-16,PER,AMS,Amsterdam,Netherlands,Europe,2026-08-15,2026-08-22,AUD,,,,,,,,,no_data
2026-07-16,PER,FCO,Rome,Italy,Europe,2026-08-15,2026-08-22,AUD,,,,,,,,,no_data
2026-07-16,PER,MAD,Madrid,Spain,Europe,2026-08-15,2026-08-22,AUD,,,,,,,,,no_data
2026-07-16,PER,IST,Istanbul,Turkey,Europe,2026-08-01,2026-08-04,AUD,1456.0,AK,1,2,1000,1180,1,au,ok_flex
2026-07-16,PER,ZRH,Zurich,Switzerland,Europe,2026-08-15,2026-08-22,AUD,,,,,,,,,no_data
2026-07-16,PER,JNB,Johannesburg,South Africa,Africa,2026-08-15,2026-08-22,AUD,,,,,,,,,no_data
2026-07-16,PER,CAI,Cairo,Egypt,Africa,2026-08-15,2026-08-22,AUD,,,,,,,,,no_data
2026-07-16,PER,JFK,New York,United States,Americas,2026-08-15,2026-08-22,AUD,,,,,,,,,no_data
2026-07-16,PER,LAX,Los Angeles,United States,Americas,2026-08-15,2026-08-22,AUD,,,,,,,,,no_data
2026-07-16,PER,SFO,San Francisco,United States,Americas,2026-08-15,2026-08-22,AUD,,,,,,,,,no_data
2026-07-16,PER,YVR,Vancouver,Canada,Americas,2026-08-15,2026-08-22,AUD,,,,,,,,,no_data
2026-07-16,PER,YYZ,Toronto,Canada,Americas,2026-08-15,2026-08-22,AUD,,,,,,,,,no_data
2026-07-17,PER,SYD,Sydney,Australia,Australia & NZ,2026-08-04,2026-08-06,AUD,488.0,JQ,0,0,245,305,2,au,ok_flex
2026-07-17,PER,MEL,Melbourne,Australia,Australia & NZ,2026-08-04,2026-08-06,AUD,518.0,JQ,0,0,215,260,7,au,ok_flex
2026-07-17,PER,BNE,Brisbane,Australia,Australia & NZ,2026-08-16,2026-08-23,AUD,,,,,,,,,no_data
2026-07-17,PER,ADL,Adelaide,Australia,Australia & NZ,2026-08-01,2026-08-04,AUD,424.0,JQ,0,0,170,195,1,au,ok_flex
2026-07-17,PER,AKL,Auckland,New Zealand,Australia & NZ,2026-08-11,2026-08-13,AUD,1173.0,JQ,2,1,520,495,1,au,ok_flex
2026-07-17,PER,CHC,Christchurch,New Zealand,Australia & NZ,2026-08-16,2026-08-23,AUD,,,,,,,,,no_data
2026-07-17,PER,SIN,Singapore,Singapore,Southeast Asia,2026-08-17,2026-09-23,AUD,378.0,TR,0,0,320,310,3,au,ok_flex
2026-07-17,PER,KUL,Kuala Lumpur,Malaysia,Southeast Asia,2026-08-10,2026-08-14,AUD,333.0,AK,0,0,335,335,2,au,ok_flex
2026-07-17,PER,BKK,Bangkok,Thailand,Southeast Asia,2026-08-12,2026-09-22,AUD,529.0,TR,1,1,475,460,1,au,ok_flex
2026-07-17,PER,CGK,Jakarta,Indonesia,Southeast Asia,2026-08-16,2026-08-23,AUD,,,,,,,,,no_data
2026-07-17,PER,DPS,Denpasar,Indonesia,Southeast Asia,2026-08-16,2026-09-04,AUD,334.0,JQ,0,0,220,225,11,au,ok_flex
2026-07-17,PER,SGN,Ho Chi Minh City,Vietnam,Southeast Asia,2026-08-09,2026-08-15,AUD,482.0,VJ,0,0,395,415,3,au,ok_flex
2026-07-17,PER,HAN,Hanoi,Vietnam,Southeast Asia,2026-08-10,2026-08-17,AUD,576.0,VJ,1,1,525,520,2,au,ok_flex
2026-07-17,PER,MNL,Manila,Philippines,Southeast Asia,2026-08-16,2026-08-23,AUD,,,,,,,,,no_data
2026-07-17,PER,HKG,Hong Kong,Hong Kong,East Asia,2026-08-16,2026-08-23,AUD,,,,,,,,,no_data
2026-07-17,PER,TPE,Taipei,Taiwan,East Asia,2026-08-16,2026-08-23,AUD,,,,,,,,,no_data
2026-07-17,PER,ICN,Seoul,South Korea,East Asia,2026-08-16,2026-08-23,AUD,,,,,,,,,no_data
2026-07-17,PER,NRT,Tokyo,Japan,East Asia,2026-08-16,2026-08-23,AUD,,,,,,,,,no_data
2026-07-17,PER,KIX,Osaka,Japan,East Asia,2026-08-16,2026-08-23,AUD,,,,,,,,,no_data
2026-07-17,PER,PVG,Shanghai,China,East Asia,2026-08-03,2026-08-09,AUD,783.0,AK,1,1,655,675,1,au,ok_flex
2026-07-17,PER,PEK,Beijing,China,East Asia,2026-08-03,2026-08-11,AUD,840.0,SQ,1,1,700,695,3,au,ok_flex
2026-07-17,PER,CAN,Guangzhou,China,East Asia,2026-08-16,2026-08-23,AUD,,,,,,,,,no_data
2026-07-17,PER,DEL,Delhi,India,South Asia,2026-08-16,2026-08-23,AUD,,,,,,,,,no_data
2026-07-17,PER,BOM,Mumbai,India,South Asia,2026-08-16,2026-08-23,AUD,,,,,,,,,no_data
2026-07-17,PER,CMB,Colombo,Sri Lanka,South Asia,2026-08-06,2026-08-13,AUD,855.0,AK,1,1,545,555,1,au,ok_flex
2026-07-17,PER,DXB,Dubai,United Arab Emirates,Middle East,2026-08-16,2026-08-23,AUD,,,,,,,,,no_data
2026-07-17,PER,DOH,Doha,Qatar,Middle East,2026-08-16,2026-08-23,AUD,,,,,,,,,no_data
2026-07-17,PER,AUH,Abu Dhabi,United Arab Emirates,Middle East,2026-08-16,2026-08-23,AUD,,,,,,,,,no_data
2026-07-17,PER,LHR,London,United Kingdom,Europe,2026-08-16,2026-08-23,AUD,,,,,,,,,no_data
2026-07-17,PER,CDG,Paris,France,Europe,2026-08-16,2026-08-23,AUD,,,,,,,,,no_data
2026-07-17,PER,FRA,Frankfurt,Germany,Europe,2026-08-16,2026-08-23,AUD,,,,,,,,,no_data
2026-07-17,PER,AMS,Amsterdam,Netherlands,Europe,2026-08-16,2026-08-23,AUD,,,,,,,,,no_data
2026-07-17,PER,FCO,Rome,Italy,Europe,2026-08-16,2026-08-23,AUD,,,,,,,,,no_data
2026-07-17,PER,MAD,Madrid,Spain,Europe,2026-08-16,2026-08-23,AUD,,,,,,,,,no_data
2026-07-17,PER,IST,Istanbul,Turkey,Europe,2026-08-01,2026-08-04,AUD,1456.0,AK,1,2,1000,1180,1,au,ok_flex
2026-07-17,PER,ZRH,Zurich,Switzerland,Europe,2026-08-16,2026-08-23,AUD,,,,,,,,,no_data
2026-07-17,PER,JNB,Johannesburg,South Africa,Africa,2026-08-16,2026-08-23,AUD,,,,,,,,,no_data
2026-07-17,PER,CAI,Cairo,Egypt,Africa,2026-08-16,2026-08-23,AUD,,,,,,,,,no_data
2026-07-17,PER,JFK,New York,United States,Americas,2026-08-16,2026-08-23,AUD,,,,,,,,,no_data
2026-07-17,PER,LAX,Los Angeles,United States,Americas,2026-08-16,2026-08-23,AUD,,,,,,,,,no_data
2026-07-17,PER,SFO,San Francisco,United States,Americas,2026-08-16,2026-08-23,AUD,,,,,,,,,no_data
2026-07-17,PER,YVR,Vancouver,Canada,Americas,2026-08-16,2026-08-23,AUD,,,,,,,,,no_data
2026-07-17,PER,YYZ,Toronto,Canada,Americas,2026-08-16,2026-08-23,AUD,,,,,,,,,no_data
2026-07-18,PER,SYD,Sydney,Australia,Australia & NZ,2026-08-04,2026-08-06,AUD,488.0,JQ,0,0,245,305,3,au,ok_flex
2026-07-18,PER,MEL,Melbourne,Australia,Australia & NZ,2026-08-04,2026-08-06,AUD,518.0,JQ,0,0,215,260,5,au,ok_flex
2026-07-18,PER,BNE,Brisbane,Australia,Australia & NZ,2026-08-17,2026-08-24,AUD,,,,,,,,,no_data
2026-07-18,PER,ADL,Adelaide,Australia,Australia & NZ,2026-08-01,2026-08-04,AUD,424.0,JQ,0,0,170,195,1,au,ok_flex
2026-07-18,PER,AKL,Auckland,New Zealand,Australia & NZ,2026-08-11,2026-08-13,AUD,1173.0,JQ,2,1,520,495,1,au,ok_flex
2026-07-18,PER,CHC,Christchurch,New Zealand,Australia & NZ,2026-08-17,2026-08-24,AUD,,,,,,,,,no_data
2026-07-18,PER,SIN,Singapore,Singapore,Southeast Asia,2026-08-17,2026-09-23,AUD,378.0,TR,0,0,320,310,1,au,ok_flex
2026-07-18,PER,KUL,Kuala Lumpur,Malaysia,Southeast Asia,2026-08-10,2026-08-14,AUD,333.0,AK,0,0,335,335,2,au,ok_flex
2026-07-18,PER,BKK,Bangkok,Thailand,Southeast Asia,2026-08-12,2026-09-22,AUD,529.0,TR,1,1,475,460,2,au,ok_flex
2026-07-18,PER,CGK,Jakarta,Indonesia,Southeast Asia,2026-08-17,2026-08-24,AUD,,,,,,,,,no_data
2026-07-18,PER,DPS,Denpasar,Indonesia,Southeast Asia,2026-08-18,2026-09-17,AUD,424.0,JQ,0,0,220,225,16,au,ok_flex
2026-07-18,PER,SGN,Ho Chi Minh City,Vietnam,Southeast Asia,2026-08-09,2026-08-15,AUD,482.0,VJ,0,0,395,415,3,au,ok_flex
2026-07-18,PER,HAN,Hanoi,Vietnam,Southeast Asia,2026-08-10,2026-08-17,AUD,576.0,VJ,1,1,525,520,2,au,ok_flex
2026-07-18,PER,MNL,Manila,Philippines,Southeast Asia,2026-08-31,2026-09-07,AUD,534.0,TR,1,1,560,535,1,au,ok_flex
2026-07-18,PER,HKG,Hong Kong,Hong Kong,East Asia,2026-08-17,2026-08-24,AUD,,,,,,,,,no_data
2026-07-18,PER,TPE,Taipei,Taiwan,East Asia,2026-08-17,2026-08-24,AUD,,,,,,,,,no_data
2026-07-18,PER,ICN,Seoul,South Korea,East Asia,2026-08-17,2026-08-24,AUD,,,,,,,,,no_data
2026-07-18,PER,NRT,Tokyo,Japan,East Asia,2026-08-17,2026-08-24,AUD,,,,,,,,,no_data
2026-07-18,PER,KIX,Osaka,Japan,East Asia,2026-08-17,2026-08-24,AUD,,,,,,,,,no_data
2026-07-18,PER,PVG,Shanghai,China,East Asia,2026-08-03,2026-08-09,AUD,783.0,AK,1,1,655,675,1,au,ok_flex
2026-07-18,PER,PEK,Beijing,China,East Asia,2026-08-03,2026-08-11,AUD,840.0,SQ,1,1,700,695,3,au,ok_flex
2026-07-18,PER,CAN,Guangzhou,China,East Asia,2026-08-17,2026-08-24,AUD,,,,,,,,,no_data
2026-07-18,PER,DEL,Delhi,India,South Asia,2026-08-17,2026-08-24,AUD,,,,,,,,,no_data
2026-07-18,PER,BOM,Mumbai,India,South Asia,2026-08-17,2026-08-24,AUD,,,,,,,,,no_data
2026-07-18,PER,CMB,Colombo,Sri Lanka,South Asia,2026-08-06,2026-08-13,AUD,855.0,AK,1,1,545,555,1,au,ok_flex
2026-07-18,PER,DXB,Dubai,United Arab Emirates,Middle East,2026-08-17,2026-08-24,AUD,,,,,,,,,no_data
2026-07-18,PER,DOH,Doha,Qatar,Middle East,2026-08-17,2026-08-24,AUD,,,,,,,,,no_data
2026-07-18,PER,AUH,Abu Dhabi,United Arab Emirates,Middle East,2026-08-17,2026-08-24,AUD,,,,,,,,,no_data
2026-07-18,PER,LHR,London,United Kingdom,Europe,2026-08-17,2026-08-24,AUD,,,,,,,,,no_data
2026-07-18,PER,CDG,Paris,France,Europe,2026-08-17,2026-08-24,AUD,,,,,,,,,no_data
2026-07-18,PER,FRA,Frankfurt,Germany,Europe,2026-08-17,2026-08-24,AUD,,,,,,,,,no_data
2026-07-18,PER,AMS,Amsterdam,Netherlands,Europe,2026-08-17,2026-08-24,AUD,,,,,,,,,no_data
2026-07-18,PER,FCO,Rome,Italy,Europe,2026-08-17,2026-08-24,AUD,,,,,,,,,no_data
2026-07-18,PER,MAD,Madrid,Spain,Europe,2026-08-17,2026-08-24,AUD,,,,,,,,,no_data
2026-07-18,PER,IST,Istanbul,Turkey,Europe,2026-08-01,2026-08-04,AUD,1456.0,AK,1,2,1000,1180,1,au,ok_flex
2026-07-18,PER,ZRH,Zurich,Switzerland,Europe,2026-08-17,2026-08-24,AUD,,,,,,,,,no_data
2026-07-18,PER,JNB,Johannesburg,South Africa,Africa,2026-08-17,2026-08-24,AUD,,,,,,,,,no_data
2026-07-18,PER,CAI,Cairo,Egypt,Africa,2026-08-17,2026-08-24,AUD,,,,,,,,,no_data
2026-07-18,PER,JFK,New York,United States,Americas,2026-08-17,2026-08-24,AUD,,,,,,,,,no_data
2026-07-18,PER,LAX,Los Angeles,United States,Americas,2026-08-17,2026-08-24,AUD,,,,,,,,,no_data
2026-07-18,PER,SFO,San Francisco,United States,Americas,2026-08-17,2026-08-24,AUD,,,,,,,,,no_data
2026-07-18,PER,YVR,Vancouver,Canada,Americas,2026-08-17,2026-08-24,AUD,,,,,,,,,no_data
2026-07-18,PER,YYZ,Toronto,Canada,Americas,2026-08-17,2026-08-24,AUD,,,,,,,,,no_data
2026-07-19,PER,SYD,Sydney,Australia,Australia & NZ,2026-08-19,2026-08-26,AUD,567.0,JQ,0,0,245,305,2,au,ok_flex
2026-07-19,PER,MEL,Melbourne,Australia,Australia & NZ,2026-08-06,2026-08-09,AUD,569.0,JQ,0,0,215,250,4,au,ok_flex
2026-07-19,PER,BNE,Brisbane,Australia,Australia & NZ,2026-08-18,2026-08-25,AUD,,,,,,,,,no_data
2026-07-19,PER,ADL,Adelaide,Australia,Australia & NZ,2026-08-01,2026-08-04,AUD,424.0,JQ,0,0,170,195,1,au,ok_flex
2026-07-19,PER,AKL,Auckland,New Zealand,Australia & NZ,2026-08-11,2026-08-13,AUD,1173.0,JQ,2,1,520,495,1,au,ok_flex
2026-07-19,PER,CHC,Christchurch,New Zealand,Australia & NZ,2026-08-18,2026-08-25,AUD,,,,,,,,,no_data
2026-07-19,PER,SIN,Singapore,Singapore,Southeast Asia,2026-08-17,2026-09-23,AUD,378.0,TR,0,0,320,310,1,au,ok_flex
2026-07-19,PER,KUL,Kuala Lumpur,Malaysia,Southeast Asia,2026-08-10,2026-08-14,AUD,333.0,AK,0,0,335,335,2,au,ok_flex
2026-07-19,PER,BKK,Bangkok,Thailand,Southeast Asia,2026-08-12,2026-09-22,AUD,529.0,TR,1,1,475,460,2,au,ok_flex
2026-07-19,PER,CGK,Jakarta,Indonesia,Southeast Asia,2026-08-18,2026-08-25,AUD,,,,,,,,,no_data
2026-07-19,PER,DPS,Denpasar,Indonesia,Southeast Asia,2026-08-30,2026-09-06,AUD,428.0,JQ,0,0,220,230,15,au,ok_flex
2026-07-19,PER,SGN,Ho Chi Minh City,Vietnam,Southeast Asia,2026-08-09,2026-08-15,AUD,482.0,VJ,0,0,395,415,3,au,ok_flex
2026-07-19,PER,HAN,Hanoi,Vietnam,Southeast Asia,2026-08-10,2026-08-17,AUD,576.0,VJ,1,1,525,520,2,au,ok_flex
2026-07-19,PER,MNL,Manila,Philippines,Southeast Asia,2026-08-31,2026-09-07,AUD,534.0,TR,1,1,560,535,1,au,ok_flex
2026-07-19,PER,HKG,Hong Kong,Hong Kong,East Asia,2026-08-18,2026-08-25,AUD,,,,,,,,,no_data
2026-07-19,PER,TPE,Taipei,Taiwan,East Asia,2026-08-18,2026-08-25,AUD,,,,,,,,,no_data
2026-07-19,PER,ICN,Seoul,South Korea,East Asia,2026-08-18,2026-08-25,AUD,,,,,,,,,no_data
2026-07-19,PER,NRT,Tokyo,Japan,East Asia,2026-08-18,2026-08-25,AUD,,,,,,,,,no_data
2026-07-19,PER,KIX,Osaka,Japan,East Asia,2026-08-18,2026-08-25,AUD,,,,,,,,,no_data
2026-07-19,PER,PVG,Shanghai,China,East Asia,2026-08-03,2026-08-09,AUD,783.0,AK,1,1,655,675,1,au,ok_flex
2026-07-19,PER,PEK,Beijing,China,East Asia,2026-08-03,2026-08-11,AUD,840.0,SQ,1,1,700,695,3,au,ok_flex
2026-07-19,PER,CAN,Guangzhou,China,East Asia,2026-08-18,2026-08-25,AUD,,,,,,,,,no_data
2026-07-19,PER,DEL,Delhi,India,South Asia,2026-08-18,2026-08-25,AUD,,,,,,,,,no_data
2026-07-19,PER,BOM,Mumbai,India,South Asia,2026-08-18,2026-08-25,AUD,,,,,,,,,no_data
2026-07-19,PER,CMB,Colombo,Sri Lanka,South Asia,2026-08-06,2026-08-13,AUD,855.0,AK,1,1,545,555,1,au,ok_flex
2026-07-19,PER,DXB,Dubai,United Arab Emirates,Middle East,2026-08-18,2026-08-25,AUD,,,,,,,,,no_data
2026-07-19,PER,DOH,Doha,Qatar,Middle East,2026-08-18,2026-08-25,AUD,,,,,,,,,no_data
2026-07-19,PER,AUH,Abu Dhabi,United Arab Emirates,Middle East,2026-08-18,2026-08-25,AUD,,,,,,,,,no_data
2026-07-19,PER,LHR,London,United Kingdom,Europe,2026-08-18,2026-08-25,AUD,,,,,,,,,no_data
2026-07-19,PER,CDG,Paris,France,Europe,2026-08-18,2026-08-25,AUD,,,,,,,,,no_data
2026-07-19,PER,FRA,Frankfurt,Germany,Europe,2026-08-18,2026-08-25,AUD,,,,,,,,,no_data
2026-07-19,PER,AMS,Amsterdam,Netherlands,Europe,2026-08-18,2026-08-25,AUD,,,,,,,,,no_data
2026-07-19,PER,FCO,Rome,Italy,Europe,2026-08-18,2026-08-25,AUD,,,,,,,,,no_data
2026-07-19,PER,MAD,Madrid,Spain,Europe,2026-08-18,2026-08-25,AUD,,,,,,,,,no_data
2026-07-19,PER,IST,Istanbul,Turkey,Europe,2026-08-01,2026-08-04,AUD,1456.0,AK,1,2,1000,1180,1,au,ok_flex
2026-07-19,PER,ZRH,Zurich,Switzerland,Europe,2026-08-18,2026-08-25,AUD,,,,,,,,,no_data
2026-07-19,PER,JNB,Johannesburg,South Africa,Africa,2026-08-18,2026-08-25,AUD,,,,,,,,,no_data
2026-07-19,PER,CAI,Cairo,Egypt,Africa,2026-08-18,2026-08-25,AUD,,,,,,,,,no_data
2026-07-19,PER,JFK,New York,United States,Americas,2026-08-18,2026-08-25,AUD,,,,,,,,,no_data
2026-07-19,PER,LAX,Los Angeles,United States,Americas,2026-08-18,2026-08-25,AUD,,,,,,,,,no_data
2026-07-19,PER,SFO,San Francisco,United States,Americas,2026-08-18,2026-08-25,AUD,,,,,,,,,no_data
2026-07-19,PER,YVR,Vancouver,Canada,Americas,2026-08-18,2026-08-25,AUD,,,,,,,,,no_data
2026-07-19,PER,YYZ,Toronto,Canada,Americas,2026-08-18,2026-08-25,AUD,,,,,,,,,no_data
2026-07-20,PER,SYD,Sydney,Australia,Australia & NZ,2026-08-19,2026-08-26,AUD,567.0,JQ,0,0,245,305,13,default,ok
2026-07-20,PER,MEL,Melbourne,Australia,Australia & NZ,2026-08-26,2026-08-30,AUD,455.0,JQ,0,0,215,250,5,au,ok_flex
2026-07-20,PER,BNE,Brisbane,Australia,Australia & NZ,2026-08-19,2026-08-26,AUD,,,,,,,,,no_data
2026-07-20,PER,ADL,Adelaide,Australia,Australia & NZ,2026-08-01,2026-08-04,AUD,424.0,JQ,0,0,170,195,1,au,ok_flex
2026-07-20,PER,AKL,Auckland,New Zealand,Australia & NZ,2026-08-19,2026-08-26,AUD,,,,,,,,,no_data
2026-07-20,PER,CHC,Christchurch,New Zealand,Australia & NZ,2026-08-19,2026-08-26,AUD,,,,,,,,,no_data
2026-07-20,PER,SIN,Singapore,Singapore,Southeast Asia,2026-08-17,2026-09-23,AUD,378.0,TR,0,0,320,310,1,au,ok_flex
2026-07-20,PER,KUL,Kuala Lumpur,Malaysia,Southeast Asia,2026-08-10,2026-08-14,AUD,333.0,AK,0,0,335,335,2,au,ok_flex
2026-07-20,PER,BKK,Bangkok,Thailand,Southeast Asia,2026-08-12,2026-09-22,AUD,529.0,TR,1,1,475,460,3,au,ok_flex
2026-07-20,PER,CGK,Jakarta,Indonesia,Southeast Asia,2026-08-19,2026-08-26,AUD,,,,,,,,,no_data
2026-07-20,PER,DPS,Denpasar,Indonesia,Southeast Asia,2026-08-18,2026-09-17,AUD,408.0,TR,1,0,490,235,15,au,ok_flex
2026-07-20,PER,SGN,Ho Chi Minh City,Vietnam,Southeast Asia,2026-08-09,2026-08-15,AUD,482.0,VJ,0,0,395,415,3,au,ok_flex
2026-07-20,PER,HAN,Hanoi,Vietnam,Southeast Asia,2026-08-10,2026-08-17,AUD,576.0,VJ,1,1,525,520,2,au,ok_flex
2026-07-20,PER,MNL,Manila,Philippines,Southeast Asia,2026-08-31,2026-09-07,AUD,534.0,TR,1,1,560,535,1,au,ok_flex
2026-07-20,PER,HKG,Hong Kong,Hong Kong,East Asia,2026-08-19,2026-08-26,AUD,,,,,,,,,no_data
2026-07-20,PER,TPE,Taipei,Taiwan,East Asia,2026-08-19,2026-08-26,AUD,,,,,,,,,no_data
2026-07-20,PER,ICN,Seoul,South Korea,East Asia,2026-08-19,2026-08-26,AUD,,,,,,,,,no_data
2026-07-20,PER,NRT,Tokyo,Japan,East Asia,2026-08-19,2026-08-26,AUD,,,,,,,,,no_data
2026-07-20,PER,KIX,Osaka,Japan,East Asia,2026-08-19,2026-08-26,AUD,,,,,,,,,no_data
2026-07-20,PER,PVG,Shanghai,China,East Asia,2026-08-03,2026-08-09,AUD,783.0,AK,1,1,655,675,1,au,ok_flex
2026-07-20,PER,PEK,Beijing,China,East Asia,2026-08-07,2026-08-28,AUD,946.0,SQ,1,1,685,695,2,au,ok_flex
2026-07-20,PER,CAN,Guangzhou,China,East Asia,2026-08-19,2026-08-26,AUD,,,,,,,,,no_data
2026-07-20,PER,DEL,Delhi,India,South Asia,2026-08-19,2026-08-26,AUD,,,,,,,,,no_data
2026-07-20,PER,BOM,Mumbai,India,South Asia,2026-08-19,2026-08-26,AUD,,,,,,,,,no_data
2026-07-20,PER,CMB,Colombo,Sri Lanka,South Asia,2026-08-06,2026-08-13,AUD,855.0,AK,1,1,545,555,1,au,ok_flex
2026-07-20,PER,DXB,Dubai,United Arab Emirates,Middle East,2026-08-19,2026-08-26,AUD,,,,,,,,,no_data
2026-07-20,PER,DOH,Doha,Qatar,Middle East,2026-08-19,2026-08-26,AUD,,,,,,,,,no_data
2026-07-20,PER,AUH,Abu Dhabi,United Arab Emirates,Middle East,2026-08-19,2026-08-26,AUD,,,,,,,,,no_data
2026-07-20,PER,LHR,London,United Kingdom,Europe,2026-08-19,2026-08-26,AUD,,,,,,,,,no_data
2026-07-20,PER,CDG,Paris,France,Europe,2026-08-19,2026-08-26,AUD,,,,,,,,,no_data
2026-07-20,PER,FRA,Frankfurt,Germany,Europe,2026-08-19,2026-08-26,AUD,,,,,,,,,no_data
2026-07-20,PER,AMS,Amsterdam,Netherlands,Europe,2026-08-19,2026-08-26,AUD,,,,,,,,,no_data
2026-07-20,PER,FCO,Rome,Italy,Europe,2026-08-19,2026-08-26,AUD,,,,,,,,,no_data
2026-07-20,PER,MAD,Madrid,Spain,Europe,2026-08-19,2026-08-26,AUD,,,,,,,,,no_data
2026-07-20,PER,IST,Istanbul,Turkey,Europe,2026-08-01,2026-08-04,AUD,1456.0,AK,1,2,1000,1180,1,au,ok_flex
2026-07-20,PER,ZRH,Zurich,Switzerland,Europe,2026-08-19,2026-08-26,AUD,,,,,,,,,no_data
2026-07-20,PER,JNB,Johannesburg,South Africa,Africa,2026-08-19,2026-08-26,AUD,,,,,,,,,no_data
2026-07-20,PER,CAI,Cairo,Egypt,Africa,2026-08-19,2026-08-26,AUD,,,,,,,,,no_data
2026-07-20,PER,JFK,New York,United States,Americas,2026-08-19,2026-08-26,AUD,,,,,,,,,no_data
2026-07-20,PER,LAX,Los Angeles,United States,Americas,2026-08-19,2026-08-26,AUD,,,,,,,,,no_data
2026-07-20,PER,SFO,San Francisco,United States,Americas,2026-08-19,2026-08-26,AUD,,,,,,,,,no_data
2026-07-20,PER,YVR,Vancouver,Canada,Americas,2026-08-19,2026-08-26,AUD,,,,,,,,,no_data
2026-07-20,PER,YYZ,Toronto,Canada,Americas,2026-08-19,2026-08-26,AUD,,,,,,,,,no_data
2026-07-21,PER,SYD,Sydney,Australia,Australia & NZ,2026-08-19,2026-08-26,AUD,567.0,JQ,0,0,245,305,1,au,ok_flex
2026-07-21,PER,MEL,Melbourne,Australia,Australia & NZ,2026-08-26,2026-08-30,AUD,455.0,JQ,0,0,215,250,5,au,ok_flex
2026-07-21,PER,BNE,Brisbane,Australia,Australia & NZ,2026-08-20,2026-08-27,AUD,,,,,,,,,no_data
2026-07-21,PER,ADL,Adelaide,Australia,Australia & NZ,2026-08-20,2026-08-27,AUD,,,,,,,,,no_data
2026-07-21,PER,AKL,Auckland,New Zealand,Australia & NZ,2026-08-20,2026-08-27,AUD,,,,,,,,,no_data
2026-07-21,PER,CHC,Christchurch,New Zealand,Australia & NZ,2026-08-20,2026-08-27,AUD,,,,,,,,,no_data
2026-07-21,PER,SIN,Singapore,Singapore,Southeast Asia,2026-08-17,2026-09-23,AUD,378.0,TR,0,0,320,310,1,au,ok_flex
2026-07-21,PER,KUL,Kuala Lumpur,Malaysia,Southeast Asia,2026-08-10,2026-08-14,AUD,333.0,AK,0,0,335,335,2,au,ok_flex
2026-07-21,PER,BKK,Bangkok,Thailand,Southeast Asia,2026-08-12,2026-09-22,AUD,529.0,TR,1,1,475,460,3,au,ok_flex
2026-07-21,PER,CGK,Jakarta,Indonesia,Southeast Asia,2026-08-20,2026-08-27,AUD,,,,,,,,,no_data
2026-07-21,PER,DPS,Denpasar,Indonesia,Southeast Asia,2026-08-18,2026-09-17,AUD,408.0,TR,1,0,490,235,15,au,ok_flex
2026-07-21,PER,SGN,Ho Chi Minh City,Vietnam,Southeast Asia,2026-08-09,2026-08-15,AUD,482.0,VJ,0,0,395,415,3,au,ok_flex
2026-07-21,PER,HAN,Hanoi,Vietnam,Southeast Asia,2026-08-10,2026-08-17,AUD,576.0,VJ,1,1,525,520,2,au,ok_flex
2026-07-21,PER,MNL,Manila,Philippines,Southeast Asia,2026-08-31,2026-09-07,AUD,534.0,TR,1,1,560,535,1,au,ok_flex
2026-07-21,PER,HKG,Hong Kong,Hong Kong,East Asia,2026-08-20,2026-08-27,AUD,,,,,,,,,no_data
2026-07-21,PER,TPE,Taipei,Taiwan,East Asia,2026-08-20,2026-08-27,AUD,,,,,,,,,no_data
2026-07-21,PER,ICN,Seoul,South Korea,East Asia,2026-08-20,2026-08-27,AUD,,,,,,,,,no_data
2026-07-21,PER,NRT,Tokyo,Japan,East Asia,2026-08-20,2026-08-27,AUD,,,,,,,,,no_data
2026-07-21,PER,KIX,Osaka,Japan,East Asia,2026-08-20,2026-08-27,AUD,,,,,,,,,no_data
2026-07-21,PER,PVG,Shanghai,China,East Asia,2026-08-03,2026-08-09,AUD,783.0,AK,1,1,655,675,1,au,ok_flex
2026-07-21,PER,PEK,Beijing,China,East Asia,2026-08-20,2026-08-27,AUD,,,,,,,,,no_data
2026-07-21,PER,CAN,Guangzhou,China,East Asia,2026-08-20,2026-08-27,AUD,,,,,,,,,no_data
2026-07-21,PER,DEL,Delhi,India,South Asia,2026-08-20,2026-08-27,AUD,,,,,,,,,no_data
2026-07-21,PER,BOM,Mumbai,India,South Asia,2026-08-20,2026-08-27,AUD,,,,,,,,,no_data
2026-07-21,PER,CMB,Colombo,Sri Lanka,South Asia,2026-08-06,2026-08-13,AUD,855.0,AK,1,1,545,555,1,au,ok_flex
2026-07-21,PER,DXB,Dubai,United Arab Emirates,Middle East,2026-08-20,2026-08-27,AUD,,,,,,,,,no_data
2026-07-21,PER,DOH,Doha,Qatar,Middle East,2026-08-20,2026-08-27,AUD,,,,,,,,,no_data
2026-07-21,PER,AUH,Abu Dhabi,United Arab Emirates,Middle East,2026-08-20,2026-08-27,AUD,,,,,,,,,no_data
2026-07-21,PER,LHR,London,United Kingdom,Europe,2026-08-19,2026-08-28,AUD,1770.0,TR,2,2,1380,1285,1,au,ok_flex
2026-07-21,PER,CDG,Paris,France,Europe,2026-08-20,2026-08-27,AUD,,,,,,,,,no_data
2026-07-21,PER,FRA,Frankfurt,Germany,Europe,2026-08-20,2026-08-27,AUD,,,,,,,,,no_data
2026-07-21,PER,AMS,Amsterdam,Netherlands,Europe,2026-08-20,2026-08-27,AUD,,,,,,,,,no_data
2026-07-21,PER,FCO,Rome,Italy,Europe,2026-08-20,2026-08-27,AUD,,,,,,,,,no_data
2026-07-21,PER,MAD,Madrid,Spain,Europe,2026-08-20,2026-08-27,AUD,,,,,,,,,no_data
2026-07-21,PER,IST,Istanbul,Turkey,Europe,2026-08-01,2026-08-04,AUD,1456.0,AK,1,2,1000,1180,1,au,ok_flex
2026-07-21,PER,ZRH,Zurich,Switzerland,Europe,2026-08-20,2026-08-27,AUD,,,,,,,,,no_data
2026-07-21,PER,JNB,Johannesburg,South Africa,Africa,2026-08-20,2026-08-27,AUD,,,,,,,,,no_data
2026-07-21,PER,CAI,Cairo,Egypt,Africa,2026-08-20,2026-08-27,AUD,,,,,,,,,no_data
2026-07-21,PER,JFK,New York,United States,Americas,2026-08-20,2026-08-27,AUD,,,,,,,,,no_data
2026-07-21,PER,LAX,Los Angeles,United States,Americas,2026-08-20,2026-08-27,AUD,,,,,,,,,no_data
2026-07-21,PER,SFO,San Francisco,United States,Americas,2026-08-20,2026-08-27,AUD,,,,,,,,,no_data
2026-07-21,PER,YVR,Vancouver,Canada,Americas,2026-08-20,2026-08-27,AUD,,,,,,,,,no_data
2026-07-21,PER,YYZ,Toronto,Canada,Americas,2026-08-20,2026-08-27,AUD,,,,,,,,,no_data
2026-07-22,PER,SYD,Sydney,Australia,Australia & NZ,2026-08-19,2026-08-26,AUD,567.0,JQ,0,0,245,305,1,au,ok_flex
2026-07-22,PER,MEL,Melbourne,Australia,Australia & NZ,2026-08-26,2026-08-30,AUD,455.0,JQ,0,0,215,250,6,au,ok_flex
2026-07-22,PER,BNE,Brisbane,Australia,Australia & NZ,2026-08-21,2026-08-28,AUD,,,,,,,,,no_data
2026-07-22,PER,ADL,Adelaide,Australia,Australia & NZ,2026-08-21,2026-08-28,AUD,,,,,,,,,no_data
2026-07-22,PER,AKL,Auckland,New Zealand,Australia & NZ,2026-08-21,2026-08-28,AUD,,,,,,,,,no_data
2026-07-22,PER,CHC,Christchurch,New Zealand,Australia & NZ,2026-08-21,2026-08-28,AUD,,,,,,,,,no_data
2026-07-22,PER,SIN,Singapore,Singapore,Southeast Asia,2026-08-17,2026-09-23,AUD,378.0,TR,0,0,320,310,1,au,ok_flex
2026-07-22,PER,KUL,Kuala Lumpur,Malaysia,Southeast Asia,2026-08-10,2026-08-14,AUD,333.0,AK,0,0,335,335,3,au,ok_flex
2026-07-22,PER,BKK,Bangkok,Thailand,Southeast Asia,2026-08-12,2026-09-22,AUD,529.0,TR,1,1,475,460,3,au,ok_flex
2026-07-22,PER,CGK,Jakarta,Indonesia,Southeast Asia,2026-08-21,2026-08-28,AUD,,,,,,,,,no_data
2026-07-22,PER,DPS,Denpasar,Indonesia,Southeast Asia,2026-08-18,2026-09-17,AUD,408.0,TR,1,0,490,235,15,au,ok_flex
2026-07-22,PER,SGN,Ho Chi Minh City,Vietnam,Southeast Asia,2026-08-09,2026-08-15,AUD,482.0,VJ,0,0,395,415,2,au,ok_flex
2026-07-22,PER,HAN,Hanoi,Vietnam,Southeast Asia,2026-08-10,2026-08-17,AUD,576.0,VJ,1,1,525,520,2,au,ok_flex
2026-07-22,PER,MNL,Manila,Philippines,Southeast Asia,2026-08-31,2026-09-07,AUD,534.0,TR,1,1,560,535,1,au,ok_flex
2026-07-22,PER,HKG,Hong Kong,Hong Kong,East Asia,2026-08-21,2026-08-28,AUD,,,,,,,,,no_data
2026-07-22,PER,TPE,Taipei,Taiwan,East Asia,2026-08-21,2026-08-28,AUD,,,,,,,,,no_data
2026-07-22,PER,ICN,Seoul,South Korea,East Asia,2026-08-21,2026-08-28,AUD,,,,,,,,,no_data
2026-07-22,PER,NRT,Tokyo,Japan,East Asia,2026-08-21,2026-08-28,AUD,,,,,,,,,no_data
2026-07-22,PER,KIX,Osaka,Japan,East Asia,2026-08-21,2026-08-28,AUD,,,,,,,,,no_data
2026-07-22,PER,PVG,Shanghai,China,East Asia,2026-08-03,2026-08-09,AUD,783.0,AK,1,1,655,675,1,au,ok_flex
2026-07-22,PER,PEK,Beijing,China,East Asia,2026-08-21,2026-08-28,AUD,,,,,,,,,no_data
2026-07-22,PER,CAN,Guangzhou,China,East Asia,2026-08-21,2026-08-28,AUD,,,,,,,,,no_data
2026-07-22,PER,DEL,Delhi,India,South Asia,2026-08-21,2026-08-28,AUD,,,,,,,,,no_data
2026-07-22,PER,BOM,Mumbai,India,South Asia,2026-08-21,2026-08-28,AUD,,,,,,,,,no_data
2026-07-22,PER,CMB,Colombo,Sri Lanka,South Asia,2026-08-06,2026-08-13,AUD,855.0,AK,1,1,545,555,1,au,ok_flex
2026-07-22,PER,DXB,Dubai,United Arab Emirates,Middle East,2026-08-21,2026-08-28,AUD,,,,,,,,,no_data
2026-07-22,PER,DOH,Doha,Qatar,Middle East,2026-08-21,2026-08-28,AUD,,,,,,,,,no_data
2026-07-22,PER,AUH,Abu Dhabi,United Arab Emirates,Middle East,2026-08-21,2026-08-28,AUD,,,,,,,,,no_data
2026-07-22,PER,LHR,London,United Kingdom,Europe,2026-08-19,2026-08-28,AUD,1770.0,TR,2,2,1380,1285,1,au,ok_flex
2026-07-22,PER,CDG,Paris,France,Europe,2026-08-21,2026-08-28,AUD,,,,,,,,,no_data
2026-07-22,PER,FRA,Frankfurt,Germany,Europe,2026-08-21,2026-08-28,AUD,,,,,,,,,no_data
2026-07-22,PER,AMS,Amsterdam,Netherlands,Europe,2026-08-21,2026-08-28,AUD,,,,,,,,,no_data
2026-07-22,PER,FCO,Rome,Italy,Europe,2026-08-21,2026-08-28,AUD,,,,,,,,,no_data
2026-07-22,PER,MAD,Madrid,Spain,Europe,2026-08-21,2026-08-28,AUD,,,,,,,,,no_data
2026-07-22,PER,IST,Istanbul,Turkey,Europe,2026-08-22,2026-08-31,AUD,1301.0,AK,1,1,1000,965,2,au,ok_flex
2026-07-22,PER,ZRH,Zurich,Switzerland,Europe,2026-08-21,2026-08-28,AUD,,,,,,,,,no_data
2026-07-22,PER,JNB,Johannesburg,South Africa,Africa,2026-08-21,2026-08-28,AUD,,,,,,,,,no_data
2026-07-22,PER,CAI,Cairo,Egypt,Africa,2026-08-21,2026-08-28,AUD,,,,,,,,,no_data
2026-07-22,PER,JFK,New York,United States,Americas,2026-08-21,2026-08-28,AUD,,,,,,,,,no_data
2026-07-22,PER,LAX,Los Angeles,United States,Americas,2026-08-21,2026-08-28,AUD,,,,,,,,,no_data
2026-07-22,PER,SFO,San Francisco,United States,Americas,2026-08-21,2026-08-28,AUD,,,,,,,,,no_data
2026-07-22,PER,YVR,Vancouver,Canada,Americas,2026-08-21,2026-08-28,AUD,,,,,,,,,no_data
2026-07-22,PER,YYZ,Toronto,Canada,Americas,2026-08-21,2026-08-28,AUD,,,,,,,,,no_data
2026-07-23,PER,SYD,Sydney,Australia,Australia & NZ,2026-08-12,2026-08-18,AUD,520.0,JQ,0,0,245,305,2,au,ok_flex
2026-07-23,PER,MEL,Melbourne,Australia,Australia & NZ,2026-08-26,2026-08-30,AUD,455.0,JQ,0,0,215,250,4,au,ok_flex
2026-07-23,PER,BNE,Brisbane,Australia,Australia & NZ,2026-08-22,2026-08-29,AUD,,,,,,,,,no_data
2026-07-23,PER,ADL,Adelaide,Australia,Australia & NZ,2026-08-22,2026-08-29,AUD,,,,,,,,,no_data
2026-07-23,PER,AKL,Auckland,New Zealand,Australia & NZ,2026-08-22,2026-08-29,AUD,,,,,,,,,no_data
2026-07-23,PER,CHC,Christchurch,New Zealand,Australia & NZ,2026-08-22,2026-08-29,AUD,,,,,,,,,no_data
2026-07-23,PER,SIN,Singapore,Singapore,Southeast Asia,2026-08-17,2026-09-23,AUD,378.0,TR,0,0,320,310,1,au,ok_flex
2026-07-23,PER,KUL,Kuala Lumpur,Malaysia,Southeast Asia,2026-08-10,2026-08-14,AUD,333.0,AK,0,0,335,335,2,au,ok_flex
2026-07-23,PER,BKK,Bangkok,Thailand,Southeast Asia,2026-08-09,2026-08-21,AUD,537.0,TR,1,1,475,470,3,au,ok_flex
2026-07-23,PER,CGK,Jakarta,Indonesia,Southeast Asia,2026-08-22,2026-08-29,AUD,,,,,,,,,no_data
2026-07-23,PER,DPS,Denpasar,Indonesia,Southeast Asia,2026-08-22,2026-08-29,AUD,507.0,JQ,0,0,220,225,19,default,ok
2026-07-23,PER,SGN,Ho Chi Minh City,Vietnam,Southeast Asia,2026-08-22,2026-08-29,AUD,,,,,,,,,no_data
2026-07-23,PER,HAN,Hanoi,Vietnam,Southeast Asia,2026-08-22,2026-08-29,AUD,,,,,,,,,no_data
2026-07-23,PER,MNL,Manila,Philippines,Southeast Asia,2026-08-31,2026-09-07,AUD,534.0,TR,1,1,560,535,1,au,ok_flex
2026-07-23,PER,HKG,Hong Kong,Hong Kong,East Asia,2026-08-22,2026-08-29,AUD,,,,,,,,,no_data
2026-07-23,PER,TPE,Taipei,Taiwan,East Asia,2026-08-22,2026-08-29,AUD,,,,,,,,,no_data
2026-07-23,PER,ICN,Seoul,South Korea,East Asia,2026-08-22,2026-08-29,AUD,,,,,,,,,no_data
2026-07-23,PER,NRT,Tokyo,Japan,East Asia,2026-08-22,2026-08-29,AUD,,,,,,,,,no_data
2026-07-23,PER,KIX,Osaka,Japan,East Asia,2026-08-22,2026-08-29,AUD,,,,,,,,,no_data
2026-07-23,PER,PVG,Shanghai,China,East Asia,2026-08-22,2026-08-29,AUD,,,,,,,,,no_data
2026-07-23,PER,PEK,Beijing,China,East Asia,2026-08-22,2026-08-29,AUD,,,,,,,,,no_data
2026-07-23,PER,CAN,Guangzhou,China,East Asia,2026-08-22,2026-08-29,AUD,,,,,,,,,no_data
2026-07-23,PER,DEL,Delhi,India,South Asia,2026-08-22,2026-08-29,AUD,,,,,,,,,no_data
2026-07-23,PER,BOM,Mumbai,India,South Asia,2026-08-22,2026-08-29,AUD,,,,,,,,,no_data
2026-07-23,PER,CMB,Colombo,Sri Lanka,South Asia,2026-08-06,2026-08-13,AUD,855.0,AK,1,1,545,555,1,au,ok_flex
2026-07-23,PER,DXB,Dubai,United Arab Emirates,Middle East,2026-08-22,2026-08-29,AUD,,,,,,,,,no_data
2026-07-23,PER,DOH,Doha,Qatar,Middle East,2026-08-22,2026-08-29,AUD,,,,,,,,,no_data
2026-07-23,PER,AUH,Abu Dhabi,United Arab Emirates,Middle East,2026-08-22,2026-08-29,AUD,,,,,,,,,no_data
2026-07-23,PER,LHR,London,United Kingdom,Europe,2026-08-19,2026-08-28,AUD,1770.0,TR,2,2,1380,1285,1,au,ok_flex
2026-07-23,PER,CDG,Paris,France,Europe,2026-08-22,2026-08-29,AUD,,,,,,,,,no_data
2026-07-23,PER,FRA,Frankfurt,Germany,Europe,2026-08-22,2026-08-29,AUD,,,,,,,,,no_data
2026-07-23,PER,AMS,Amsterdam,Netherlands,Europe,2026-08-22,2026-08-29,AUD,,,,,,,,,no_data
2026-07-23,PER,FCO,Rome,Italy,Europe,2026-08-22,2026-08-29,AUD,,,,,,,,,no_data
2026-07-23,PER,MAD,Madrid,Spain,Europe,2026-08-22,2026-08-29,AUD,,,,,,,,,no_data
2026-07-23,PER,IST,Istanbul,Turkey,Europe,2026-08-22,2026-08-31,AUD,1302.0,AK,1,1,1000,965,2,au,ok_flex
2026-07-23,PER,ZRH,Zurich,Switzerland,Europe,2026-08-22,2026-08-29,AUD,,,,,,,,,no_data
2026-07-23,PER,JNB,Johannesburg,South Africa,Africa,2026-08-22,2026-08-29,AUD,,,,,,,,,no_data
2026-07-23,PER,CAI,Cairo,Egypt,Africa,2026-08-22,2026-08-29,AUD,,,,,,,,,no_data
2026-07-23,PER,JFK,New York,United States,Americas,2026-08-22,2026-08-29,AUD,,,,,,,,,no_data
2026-07-23,PER,LAX,Los Angeles,United States,Americas,2026-08-22,2026-08-29,AUD,,,,,,,,,no_data
2026-07-23,PER,SFO,San Francisco,United States,Americas,2026-08-22,2026-08-29,AUD,,,,,,,,,no_data
2026-07-23,PER,YVR,Vancouver,Canada,Americas,2026-08-22,2026-08-29,AUD,,,,,,,,,no_data
2026-07-23,PER,YYZ,Toronto,Canada,Americas,2026-08-22,2026-08-29,AUD,,,,,,,,,no_data
2026-07-24,PER,SYD,Sydney,Australia,Australia & NZ,2026-08-12,2026-08-18,AUD,520.0,JQ,0,0,245,305,2,au,ok_flex
2026-07-24,PER,MEL,Melbourne,Australia,Australia & NZ,2026-08-26,2026-08-30,AUD,455.0,JQ,0,0,215,250,4,au,ok_flex
2026-07-24,PER,BNE,Brisbane,Australia,Australia & NZ,2026-08-23,2026-08-30,AUD,,,,,,,,,no_data
2026-07-24,PER,ADL,Adelaide,Australia,Australia & NZ,2026-08-23,2026-08-30,AUD,,,,,,,,,no_data
2026-07-24,PER,AKL,Auckland,New Zealand,Australia & NZ,2026-08-23,2026-08-30,AUD,,,,,,,,,no_data
2026-07-24,PER,CHC,Christchurch,New Zealand,Australia & NZ,2026-08-23,2026-08-30,AUD,,,,,,,,,no_data
2026-07-24,PER,SIN,Singapore,Singapore,Southeast Asia,2026-08-23,2026-08-30,AUD,,,,,,,,,no_data
2026-07-24,PER,KUL,Kuala Lumpur,Malaysia,Southeast Asia,2026-08-10,2026-08-22,AUD,407.0,AK,0,0,335,335,1,au,ok_flex
2026-07-24,PER,BKK,Bangkok,Thailand,Southeast Asia,2026-08-09,2026-08-21,AUD,537.0,TR,1,1,475,470,3,au,ok_flex
2026-07-24,PER,CGK,Jakarta,Indonesia,Southeast Asia,2026-08-23,2026-08-30,AUD,,,,,,,,,no_data
2026-07-24,PER,DPS,Denpasar,Indonesia,Southeast Asia,2026-08-18,2026-09-17,AUD,408.0,TR,1,0,490,235,10,au,ok_flex
2026-07-24,PER,SGN,Ho Chi Minh City,Vietnam,Southeast Asia,2026-08-23,2026-08-30,AUD,,,,,,,,,no_data
2026-07-24,PER,HAN,Hanoi,Vietnam,Southeast Asia,2026-08-23,2026-08-30,AUD,,,,,,,,,no_data
2026-07-24,PER,MNL,Manila,Philippines,Southeast Asia,2026-08-31,2026-09-07,AUD,534.0,TR,1,1,560,535,1,au,ok_flex
2026-07-24,PER,HKG,Hong Kong,Hong Kong,East Asia,2026-08-23,2026-08-30,AUD,,,,,,,,,no_data
2026-07-24,PER,TPE,Taipei,Taiwan,East Asia,2026-08-23,2026-08-30,AUD,,,,,,,,,no_data
2026-07-24,PER,ICN,Seoul,South Korea,East Asia,2026-08-23,2026-08-30,AUD,,,,,,,,,no_data
2026-07-24,PER,NRT,Tokyo,Japan,East Asia,2026-08-23,2026-08-30,AUD,,,,,,,,,no_data
2026-07-24,PER,KIX,Osaka,Japan,East Asia,2026-08-23,2026-08-30,AUD,,,,,,,,,no_data
2026-07-24,PER,PVG,Shanghai,China,East Asia,2026-08-23,2026-08-30,AUD,,,,,,,,,no_data
2026-07-24,PER,PEK,Beijing,China,East Asia,2026-08-23,2026-08-30,AUD,,,,,,,,,no_data
2026-07-24,PER,CAN,Guangzhou,China,East Asia,2026-08-23,2026-08-30,AUD,,,,,,,,,no_data
2026-07-24,PER,DEL,Delhi,India,South Asia,2026-08-23,2026-08-30,AUD,,,,,,,,,no_data
2026-07-24,PER,BOM,Mumbai,India,South Asia,2026-08-23,2026-08-30,AUD,,,,,,,,,no_data
2026-07-24,PER,CMB,Colombo,Sri Lanka,South Asia,2026-08-23,2026-08-30,AUD,,,,,,,,,no_data
2026-07-24,PER,DXB,Dubai,United Arab Emirates,Middle East,2026-08-11,2026-08-14,AUD,1176.0,TR,2,2,890,855,1,au,ok_flex
2026-07-24,PER,DOH,Doha,Qatar,Middle East,2026-08-23,2026-08-30,AUD,,,,,,,,,no_data
2026-07-24,PER,AUH,Abu Dhabi,United Arab Emirates,Middle East,2026-08-23,2026-08-30,AUD,,,,,,,,,no_data
2026-07-24,PER,LHR,London,United Kingdom,Europe,2026-08-19,2026-08-28,AUD,1770.0,TR,2,2,1380,1285,1,au,ok_flex
2026-07-24,PER,CDG,Paris,France,Europe,2026-08-23,2026-08-30,AUD,,,,,,,,,no_data
2026-07-24,PER,FRA,Frankfurt,Germany,Europe,2026-08-23,2026-08-30,AUD,,,,,,,,,no_data
2026-07-24,PER,AMS,Amsterdam,Netherlands,Europe,2026-08-23,2026-08-30,AUD,,,,,,,,,no_data
2026-07-24,PER,FCO,Rome,Italy,Europe,2026-08-23,2026-08-30,AUD,,,,,,,,,no_data
2026-07-24,PER,MAD,Madrid,Spain,Europe,2026-08-23,2026-08-30,AUD,,,,,,,,,no_data
2026-07-24,PER,IST,Istanbul,Turkey,Europe,2026-08-22,2026-08-31,AUD,1302.0,AK,1,1,1000,965,2,au,ok_flex
2026-07-24,PER,ZRH,Zurich,Switzerland,Europe,2026-08-23,2026-08-30,AUD,,,,,,,,,no_data
2026-07-24,PER,JNB,Johannesburg,South Africa,Africa,2026-08-23,2026-08-30,AUD,,,,,,,,,no_data
2026-07-24,PER,CAI,Cairo,Egypt,Africa,2026-08-23,2026-08-30,AUD,,,,,,,,,no_data
2026-07-24,PER,JFK,New York,United States,Americas,2026-08-23,2026-08-30,AUD,,,,,,,,,no_data
2026-07-24,PER,LAX,Los Angeles,United States,Americas,2026-08-23,2026-08-30,AUD,,,,,,,,,no_data
2026-07-24,PER,SFO,San Francisco,United States,Americas,2026-08-23,2026-08-30,AUD,,,,,,,,,no_data
2026-07-24,PER,YVR,Vancouver,Canada,Americas,2026-08-23,2026-08-30,AUD,,,,,,,,,no_data
2026-07-24,PER,YYZ,Toronto,Canada,Americas,2026-08-23,2026-08-30,AUD,,,,,,,,,no_data
2026-07-25,PER,SYD,Sydney,Australia,Australia & NZ,2026-08-12,2026-08-18,AUD,520.0,JQ,0,0,245,305,1,au,ok_flex
2026-07-25,PER,MEL,Melbourne,Australia,Australia & NZ,2026-08-26,2026-08-30,AUD,455.0,JQ,0,0,215,250,6,au,ok_flex
2026-07-25,PER,BNE,Brisbane,Australia,Australia & NZ,2026-08-24,2026-08-31,AUD,,,,,,,,,no_data
2026-07-25,PER,ADL,Adelaide,Australia,Australia & NZ,2026-08-24,2026-08-31,AUD,,,,,,,,,no_data
2026-07-25,PER,AKL,Auckland,New Zealand,Australia & NZ,2026-08-24,2026-08-31,AUD,,,,,,,,,no_data
2026-07-25,PER,CHC,Christchurch,New Zealand,Australia & NZ,2026-08-24,2026-08-31,AUD,,,,,,,,,no_data
2026-07-25,PER,SIN,Singapore,Singapore,Southeast Asia,2026-08-24,2026-08-31,AUD,,,,,,,,,no_data
2026-07-25,PER,KUL,Kuala Lumpur,Malaysia,Southeast Asia,2026-08-10,2026-08-22,AUD,407.0,AK,0,0,335,335,1,au,ok_flex
2026-07-25,PER,BKK,Bangkok,Thailand,Southeast Asia,2026-08-29,2026-09-06,AUD,561.0,AK,1,1,465,505,2,au,ok_flex
2026-07-25,PER,CGK,Jakarta,Indonesia,Southeast Asia,2026-08-24,2026-08-31,AUD,,,,,,,,,no_data
2026-07-25,PER,DPS,Denpasar,Indonesia,Southeast Asia,2026-08-18,2026-09-17,AUD,408.0,TR,1,0,490,235,10,au,ok_flex
2026-07-25,PER,SGN,Ho Chi Minh City,Vietnam,Southeast Asia,2026-08-24,2026-08-31,AUD,,,,,,,,,no_data
2026-07-25,PER,HAN,Hanoi,Vietnam,Southeast Asia,2026-08-24,2026-08-31,AUD,,,,,,,,,no_data
2026-07-25,PER,MNL,Manila,Philippines,Southeast Asia,2026-08-24,2026-08-31,AUD,,,,,,,,,no_data
2026-07-25,PER,HKG,Hong Kong,Hong Kong,East Asia,2026-08-24,2026-08-31,AUD,,,,,,,,,no_data
2026-07-25,PER,TPE,Taipei,Taiwan,East Asia,2026-08-24,2026-08-31,AUD,,,,,,,,,no_data
2026-07-25,PER,ICN,Seoul,South Korea,East Asia,2026-08-24,2026-08-31,AUD,,,,,,,,,no_data
2026-07-25,PER,NRT,Tokyo,Japan,East Asia,2026-08-24,2026-08-31,AUD,,,,,,,,,no_data
2026-07-25,PER,KIX,Osaka,Japan,East Asia,2026-08-24,2026-08-31,AUD,,,,,,,,,no_data
2026-07-25,PER,PVG,Shanghai,China,East Asia,2026-08-24,2026-08-31,AUD,,,,,,,,,no_data
2026-07-25,PER,PEK,Beijing,China,East Asia,2026-08-24,2026-08-31,AUD,,,,,,,,,no_data
2026-07-25,PER,CAN,Guangzhou,China,East Asia,2026-08-17,2026-09-12,AUD,595.0,TR,1,1,570,555,1,au,ok_flex
2026-07-25,PER,DEL,Delhi,India,South Asia,2026-08-24,2026-08-31,AUD,,,,,,,,,no_data
2026-07-25,PER,BOM,Mumbai,India,South Asia,2026-08-24,2026-08-31,AUD,,,,,,,,,no_data
2026-07-25,PER,CMB,Colombo,Sri Lanka,South Asia,2026-08-24,2026-08-31,AUD,,,,,,,,,no_data
2026-07-25,PER,DXB,Dubai,United Arab Emirates,Middle East,2026-08-11,2026-08-14,AUD,1176.0,TR,2,2,890,855,1,au,ok_flex
2026-07-25,PER,DOH,Doha,Qatar,Middle East,2026-08-24,2026-08-31,AUD,,,,,,,,,no_data
2026-07-25,PER,AUH,Abu Dhabi,United Arab Emirates,Middle East,2026-08-24,2026-08-31,AUD,,,,,,,,,no_data
2026-07-25,PER,LHR,London,United Kingdom,Europe,2026-08-19,2026-08-28,AUD,1770.0,TR,2,2,1380,1285,1,au,ok_flex
2026-07-25,PER,CDG,Paris,France,Europe,2026-08-24,2026-08-31,AUD,,,,,,,,,no_data
2026-07-25,PER,FRA,Frankfurt,Germany,Europe,2026-08-24,2026-08-31,AUD,,,,,,,,,no_data
2026-07-25,PER,AMS,Amsterdam,Netherlands,Europe,2026-08-24,2026-08-31,AUD,,,,,,,,,no_data
2026-07-25,PER,FCO,Rome,Italy,Europe,2026-08-24,2026-08-31,AUD,,,,,,,,,no_data
2026-07-25,PER,MAD,Madrid,Spain,Europe,2026-08-24,2026-08-31,AUD,,,,,,,,,no_data
2026-07-25,PER,IST,Istanbul,Turkey,Europe,2026-08-22,2026-08-31,AUD,1302.0,AK,1,1,1000,965,2,au,ok_flex
2026-07-25,PER,ZRH,Zurich,Switzerland,Europe,2026-08-24,2026-08-31,AUD,,,,,,,,,no_data
2026-07-25,PER,JNB,Johannesburg,South Africa,Africa,2026-08-24,2026-08-31,AUD,,,,,,,,,no_data
2026-07-25,PER,CAI,Cairo,Egypt,Africa,2026-08-24,2026-08-31,AUD,,,,,,,,,no_data
2026-07-25,PER,JFK,New York,United States,Americas,2026-08-24,2026-08-31,AUD,,,,,,,,,no_data
2026-07-25,PER,LAX,Los Angeles,United States,Americas,2026-08-24,2026-08-31,AUD,,,,,,,,,no_data
2026-07-25,PER,SFO,San Francisco,United States,Americas,2026-08-24,2026-08-31,AUD,,,,,,,,,no_data
2026-07-25,PER,YVR,Vancouver,Canada,Americas,2026-08-24,2026-08-31,AUD,,,,,,,,,no_data
2026-07-25,PER,YYZ,Toronto,Canada,Americas,2026-08-24,2026-08-31,AUD,,,,,,,,,no_data
2026-07-26,PER,SYD,Sydney,Australia,Australia & NZ,2026-08-12,2026-08-18,AUD,520.0,JQ,0,0,245,305,1,au,ok_flex
2026-07-26,PER,MEL,Melbourne,Australia,Australia & NZ,2026-08-26,2026-08-30,AUD,455.0,JQ,0,0,215,250,6,au,ok_flex
2026-07-26,PER,BNE,Brisbane,Australia,Australia & NZ,2026-08-25,2026-09-01,AUD,,,,,,,,,no_data
2026-07-26,PER,ADL,Adelaide,Australia,Australia & NZ,2026-08-25,2026-09-01,AUD,,,,,,,,,no_data
2026-07-26,PER,AKL,Auckland,New Zealand,Australia & NZ,2026-08-25,2026-09-01,AUD,,,,,,,,,no_data
2026-07-26,PER,CHC,Christchurch,New Zealand,Australia & NZ,2026-08-25,2026-09-01,AUD,,,,,,,,,no_data
2026-07-26,PER,SIN,Singapore,Singapore,Southeast Asia,2026-08-25,2026-09-01,AUD,,,,,,,,,no_data
2026-07-26,PER,KUL,Kuala Lumpur,Malaysia,Southeast Asia,2026-08-10,2026-08-22,AUD,407.0,AK,0,0,335,335,1,au,ok_flex
2026-07-26,PER,BKK,Bangkok,Thailand,Southeast Asia,2026-08-29,2026-09-06,AUD,561.0,AK,1,1,465,505,2,au,ok_flex
2026-07-26,PER,CGK,Jakarta,Indonesia,Southeast Asia,2026-08-25,2026-09-01,AUD,,,,,,,,,no_data
2026-07-26,PER,DPS,Denpasar,Indonesia,Southeast Asia,2026-08-18,2026-09-17,AUD,408.0,TR,1,0,490,235,11,au,ok_flex
2026-07-26,PER,SGN,Ho Chi Minh City,Vietnam,Southeast Asia,2026-08-25,2026-09-01,AUD,,,,,,,,,no_data
2026-07-26,PER,HAN,Hanoi,Vietnam,Southeast Asia,2026-08-25,2026-09-01,AUD,,,,,,,,,no_data
2026-07-26,PER,MNL,Manila,Philippines,Southeast Asia,2026-08-25,2026-09-01,AUD,,,,,,,,,no_data
2026-07-26,PER,HKG,Hong Kong,Hong Kong,East Asia,2026-08-25,2026-09-01,AUD,,,,,,,,,no_data
2026-07-26,PER,TPE,Taipei,Taiwan,East Asia,2026-08-25,2026-09-01,AUD,,,,,,,,,no_data
2026-07-26,PER,ICN,Seoul,South Korea,East Asia,2026-08-25,2026-09-01,AUD,,,,,,,,,no_data
2026-07-26,PER,NRT,Tokyo,Japan,East Asia,2026-08-25,2026-09-01,AUD,,,,,,,,,no_data
2026-07-26,PER,KIX,Osaka,Japan,East Asia,2026-08-25,2026-09-01,AUD,,,,,,,,,no_data
2026-07-26,PER,PVG,Shanghai,China,East Asia,2026-08-25,2026-09-01,AUD,,,,,,,,,no_data
2026-07-26,PER,PEK,Beijing,China,East Asia,2026-08-25,2026-09-01,AUD,,,,,,,,,no_data
2026-07-26,PER,CAN,Guangzhou,China,East Asia,2026-08-17,2026-09-12,AUD,594.0,TR,1,1,570,555,1,au,ok_flex
2026-07-26,PER,DEL,Delhi,India,South Asia,2026-08-25,2026-09-01,AUD,,,,,,,,,no_data
2026-07-26,PER,BOM,Mumbai,India,South Asia,2026-08-25,2026-09-01,AUD,,,,,,,,,no_data
2026-07-26,PER,CMB,Colombo,Sri Lanka,South Asia,2026-08-25,2026-09-01,AUD,,,,,,,,,no_data
2026-07-26,PER,DXB,Dubai,United Arab Emirates,Middle East,2026-08-11,2026-08-14,AUD,1176.0,TR,2,2,890,855,1,au,ok_flex
2026-07-26,PER,DOH,Doha,Qatar,Middle East,2026-08-25,2026-09-01,AUD,,,,,,,,,no_data
2026-07-26,PER,AUH,Abu Dhabi,United Arab Emirates,Middle East,2026-08-25,2026-09-01,AUD,,,,,,,,,no_data
2026-07-26,PER,LHR,London,United Kingdom,Europe,2026-08-19,2026-08-28,AUD,1770.0,TR,2,2,1380,1285,1,au,ok_flex
2026-07-26,PER,CDG,Paris,France,Europe,2026-08-25,2026-09-01,AUD,,,,,,,,,no_data
2026-07-26,PER,FRA,Frankfurt,Germany,Europe,2026-08-25,2026-09-01,AUD,,,,,,,,,no_data
2026-07-26,PER,AMS,Amsterdam,Netherlands,Europe,2026-08-25,2026-09-01,AUD,,,,,,,,,no_data
2026-07-26,PER,FCO,Rome,Italy,Europe,2026-08-25,2026-09-01,AUD,,,,,,,,,no_data
2026-07-26,PER,MAD,Madrid,Spain,Europe,2026-08-25,2026-09-01,AUD,,,,,,,,,no_data
2026-07-26,PER,IST,Istanbul,Turkey,Europe,2026-08-22,2026-08-31,AUD,1302.0,AK,1,1,1000,965,2,au,ok_flex
2026-07-26,PER,ZRH,Zurich,Switzerland,Europe,2026-08-25,2026-09-01,AUD,,,,,,,,,no_data
2026-07-26,PER,JNB,Johannesburg,South Africa,Africa,2026-08-25,2026-09-01,AUD,,,,,,,,,no_data
2026-07-26,PER,CAI,Cairo,Egypt,Africa,2026-08-25,2026-09-01,AUD,,,,,,,,,no_data
2026-07-26,PER,JFK,New York,United States,Americas,2026-08-02,2026-08-09,AUD,2408.0,QF,2,1,1391,1675,1,au,ok_flex
2026-07-26,PER,LAX,Los Angeles,United States,Americas,2026-08-25,2026-09-01,AUD,,,,,,,,,no_data
2026-07-26,PER,SFO,San Francisco,United States,Americas,2026-08-25,2026-09-01,AUD,,,,,,,,,no_data
2026-07-26,PER,YVR,Vancouver,Canada,Americas,2026-08-25,2026-09-01,AUD,,,,,,,,,no_data
2026-07-26,PER,YYZ,Toronto,Canada,Americas,2026-08-25,2026-09-01,AUD,,,,,,,,,no_data
2026-07-27,PER,SYD,Sydney,Australia,Australia & NZ,2026-08-12,2026-08-18,AUD,520.0,JQ,0,0,245,305,2,au,ok_flex
2026-07-27,PER,MEL,Melbourne,Australia,Australia & NZ,2026-08-10,2026-08-12,AUD,551.0,JQ,1,0,245,250,5,au,ok_flex
2026-07-27,PER,BNE,Brisbane,Australia,Australia & NZ,2026-08-26,2026-09-02,AUD,,,,,,,,,no_data
2026-07-27,PER,ADL,Adelaide,Australia,Australia & NZ,2026-08-26,2026-09-02,AUD,,,,,,,,,no_data
2026-07-27,PER,AKL,Auckland,New Zealand,Australia & NZ,2026-08-26,2026-09-02,AUD,,,,,,,,,no_data
2026-07-27,PER,CHC,Christchurch,New Zealand,Australia & NZ,2026-08-26,2026-09-02,AUD,,,,,,,,,no_data
2026-07-27,PER,SIN,Singapore,Singapore,Southeast Asia,2026-08-03,2026-08-07,AUD,603.0,AK,1,1,400,400,1,au,ok_flex
2026-07-27,PER,KUL,Kuala Lumpur,Malaysia,Southeast Asia,2026-08-10,2026-08-22,AUD,407.0,AK,0,0,335,335,1,au,ok_flex
2026-07-27,PER,BKK,Bangkok,Thailand,Southeast Asia,2026-08-29,2026-09-06,AUD,561.0,AK,1,1,465,505,1,au,ok_flex
2026-07-27,PER,CGK,Jakarta,Indonesia,Southeast Asia,2026-08-26,2026-09-02,AUD,,,,,,,,,no_data
2026-07-27,PER,DPS,Denpasar,Indonesia,Southeast Asia,2026-08-18,2026-09-17,AUD,401.0,QZ,0,0,220,225,7,au,ok_flex
2026-07-27,PER,SGN,Ho Chi Minh City,Vietnam,Southeast Asia,2026-08-12,2026-08-18,AUD,404.0,AK,1,1,460,455,1,au,ok_flex
2026-07-27,PER,HAN,Hanoi,Vietnam,Southeast Asia,2026-08-26,2026-09-02,AUD,,,,,,,,,no_data
2026-07-27,PER,MNL,Manila,Philippines,Southeast Asia,2026-08-26,2026-09-02,AUD,,,,,,,,,no_data
2026-07-27,PER,HKG,Hong Kong,Hong Kong,East Asia,2026-08-26,2026-09-02,AUD,,,,,,,,,no_data
2026-07-27,PER,TPE,Taipei,Taiwan,East Asia,2026-08-26,2026-09-02,AUD,,,,,,,,,no_data
2026-07-27,PER,ICN,Seoul,South Korea,East Asia,2026-08-26,2026-09-02,AUD,,,,,,,,,no_data
2026-07-27,PER,NRT,Tokyo,Japan,East Asia,2026-08-26,2026-09-02,AUD,,,,,,,,,no_data
2026-07-27,PER,KIX,Osaka,Japan,East Asia,2026-08-26,2026-09-02,AUD,,,,,,,,,no_data
2026-07-27,PER,PVG,Shanghai,China,East Asia,2026-08-11,2026-08-28,AUD,827.0,AK,2,2,735,765,1,au,ok_flex
2026-07-27,PER,PEK,Beijing,China,East Asia,2026-08-11,2026-08-25,AUD,784.0,SQ,1,1,700,675,1,au,ok_flex
2026-07-27,PER,CAN,Guangzhou,China,East Asia,2026-08-17,2026-09-12,AUD,594.0,TR,1,1,570,555,1,au,ok_flex
2026-07-27,PER,DEL,Delhi,India,South Asia,2026-08-26,2026-09-02,AUD,,,,,,,,,no_data
2026-07-27,PER,BOM,Mumbai,India,South Asia,2026-08-26,2026-09-02,AUD,,,,,,,,,no_data
2026-07-27,PER,CMB,Colombo,Sri Lanka,South Asia,2026-08-26,2026-09-02,AUD,,,,,,,,,no_data
2026-07-27,PER,DXB,Dubai,United Arab Emirates,Middle East,2026-08-11,2026-08-14,AUD,1176.0,TR,2,2,890,855,1,au,ok_flex
2026-07-27,PER,DOH,Doha,Qatar,Middle East,2026-08-26,2026-09-02,AUD,,,,,,,,,no_data
2026-07-27,PER,AUH,Abu Dhabi,United Arab Emirates,Middle East,2026-08-26,2026-09-02,AUD,,,,,,,,,no_data
2026-07-27,PER,LHR,London,United Kingdom,Europe,2026-08-19,2026-08-28,AUD,1770.0,TR,2,2,1380,1285,1,au,ok_flex
2026-07-27,PER,CDG,Paris,France,Europe,2026-08-26,2026-09-02,AUD,,,,,,,,,no_data
2026-07-27,PER,FRA,Frankfurt,Germany,Europe,2026-08-26,2026-09-02,AUD,,,,,,,,,no_data
2026-07-27,PER,AMS,Amsterdam,Netherlands,Europe,2026-08-26,2026-09-02,AUD,,,,,,,,,no_data
2026-07-27,PER,FCO,Rome,Italy,Europe,2026-08-26,2026-09-02,AUD,,,,,,,,,no_data
2026-07-27,PER,MAD,Madrid,Spain,Europe,2026-08-26,2026-09-02,AUD,,,,,,,,,no_data
2026-07-27,PER,IST,Istanbul,Turkey,Europe,2026-08-22,2026-08-31,AUD,1302.0,AK,1,1,1000,965,2,au,ok_flex
2026-07-27,PER,ZRH,Zurich,Switzerland,Europe,2026-08-26,2026-09-02,AUD,,,,,,,,,no_data
2026-07-27,PER,JNB,Johannesburg,South Africa,Africa,2026-08-26,2026-09-02,AUD,,,,,,,,,no_data
2026-07-27,PER,CAI,Cairo,Egypt,Africa,2026-08-26,2026-09-02,AUD,,,,,,,,,no_data
2026-07-27,PER,JFK,New York,United States,Americas,2026-08-02,2026-08-09,AUD,2408.0,QF,2,1,1391,1675,1,au,ok_flex
2026-07-27,PER,LAX,Los Angeles,United States,Americas,2026-08-26,2026-09-02,AUD,,,,,,,,,no_data
2026-07-27,PER,SFO,San Francisco,United States,Americas,2026-08-26,2026-09-02,AUD,,,,,,,,,no_data
2026-07-27,PER,YVR,Vancouver,Canada,Americas,2026-08-26,2026-09-02,AUD,,,,,,,,,no_data
2026-07-27,PER,YYZ,Toronto,Canada,Americas,2026-08-26,2026-09-02,AUD,,,,,,,,,no_data
2026-07-28,PER,SYD,Sydney,Australia,Australia & NZ,2026-08-12,2026-08-18,AUD,520.0,JQ,0,0,245,305,2,au,ok_flex
2026-07-28,PER,MEL,Melbourne,Australia,Australia & NZ,2026-08-10,2026-08-12,AUD,551.0,JQ,1,0,245,250,4,au,ok_flex
2026-07-28,PER,BNE,Brisbane,Australia,Australia & NZ,2026-08-27,2026-09-03,AUD,,,,,,,,,no_data
2026-07-28,PER,ADL,Adelaide,Australia,Australia & NZ,2026-08-27,2026-09-03,AUD,,,,,,,,,no_data
2026-07-28,PER,AKL,Auckland,New Zealand,Australia & NZ,2026-08-27,2026-09-03,AUD,,,,,,,,,no_data
2026-07-28,PER,CHC,Christchurch,New Zealand,Australia & NZ,2026-08-27,2026-09-03,AUD,,,,,,,,,no_data
2026-07-28,PER,SIN,Singapore,Singapore,Southeast Asia,2026-08-03,2026-08-07,AUD,603.0,AK,1,1,400,400,1,au,ok_flex
2026-07-28,PER,KUL,Kuala Lumpur,Malaysia,Southeast Asia,2026-08-10,2026-08-22,AUD,407.0,AK,0,0,335,335,1,au,ok_flex
2026-07-28,PER,BKK,Bangkok,Thailand,Southeast Asia,2026-08-29,2026-09-06,AUD,561.0,AK,1,1,465,505,1,au,ok_flex
2026-07-28,PER,CGK,Jakarta,Indonesia,Southeast Asia,2026-08-27,2026-09-03,AUD,,,,,,,,,no_data
2026-07-28,PER,DPS,Denpasar,Indonesia,Southeast Asia,2026-08-18,2026-09-17,AUD,401.0,QZ,0,0,220,225,5,au,ok_flex
2026-07-28,PER,SGN,Ho Chi Minh City,Vietnam,Southeast Asia,2026-08-12,2026-08-18,AUD,404.0,AK,1,1,460,455,1,au,ok_flex
2026-07-28,PER,HAN,Hanoi,Vietnam,Southeast Asia,2026-08-27,2026-09-03,AUD,,,,,,,,,no_data
2026-07-28,PER,MNL,Manila,Philippines,Southeast Asia,2026-08-27,2026-09-03,AUD,,,,,,,,,no_data
2026-07-28,PER,HKG,Hong Kong,Hong Kong,East Asia,2026-08-27,2026-09-03,AUD,,,,,,,,,no_data
2026-07-28,PER,TPE,Taipei,Taiwan,East Asia,2026-08-27,2026-09-03,AUD,,,,,,,,,no_data
2026-07-28,PER,ICN,Seoul,South Korea,East Asia,2026-08-27,2026-09-03,AUD,,,,,,,,,no_data
2026-07-28,PER,NRT,Tokyo,Japan,East Asia,2026-08-27,2026-09-03,AUD,,,,,,,,,no_data
2026-07-28,PER,KIX,Osaka,Japan,East Asia,2026-08-27,2026-09-03,AUD,,,,,,,,,no_data
2026-07-28,PER,PVG,Shanghai,China,East Asia,2026-08-11,2026-08-28,AUD,827.0,AK,2,2,735,765,1,au,ok_flex
2026-07-28,PER,PEK,Beijing,China,East Asia,2026-08-11,2026-08-25,AUD,784.0,SQ,1,1,700,675,1,au,ok_flex
2026-07-28,PER,CAN,Guangzhou,China,East Asia,2026-08-17,2026-09-12,AUD,594.0,TR,1,1,570,555,1,au,ok_flex
2026-07-28,PER,DEL,Delhi,India,South Asia,2026-08-27,2026-09-03,AUD,,,,,,,,,no_data
2026-07-28,PER,BOM,Mumbai,India,South Asia,2026-08-27,2026-09-03,AUD,,,,,,,,,no_data
2026-07-28,PER,CMB,Colombo,Sri Lanka,South Asia,2026-08-27,2026-09-03,AUD,,,,,,,,,no_data
2026-07-28,PER,DXB,Dubai,United Arab Emirates,Middle East,2026-08-11,2026-08-14,AUD,1176.0,TR,2,2,890,855,1,au,ok_flex
2026-07-28,PER,DOH,Doha,Qatar,Middle East,2026-08-27,2026-09-03,AUD,,,,,,,,,no_data
2026-07-28,PER,AUH,Abu Dhabi,United Arab Emirates,Middle East,2026-08-27,2026-09-03,AUD,,,,,,,,,no_data
2026-07-28,PER,LHR,London,United Kingdom,Europe,2026-08-01,2026-08-04,AUD,2308.0,MH,2,2,1230,1209,1,au,ok_flex
2026-07-28,PER,CDG,Paris,France,Europe,2026-08-27,2026-09-03,AUD,,,,,,,,,no_data
2026-07-28,PER,FRA,Frankfurt,Germany,Europe,2026-08-27,2026-09-03,AUD,,,,,,,,,no_data
2026-07-28,PER,AMS,Amsterdam,Netherlands,Europe,2026-08-27,2026-09-03,AUD,,,,,,,,,no_data
2026-07-28,PER,FCO,Rome,Italy,Europe,2026-08-16,2026-08-17,AUD,1625.0,AK,3,2,1240,1180,2,au,ok_flex
2026-07-28,PER,MAD,Madrid,Spain,Europe,2026-08-27,2026-09-03,AUD,,,,,,,,,no_data
2026-07-28,PER,IST,Istanbul,Turkey,Europe,2026-08-22,2026-08-31,AUD,1302.0,AK,1,1,1000,965,2,au,ok_flex
2026-07-28,PER,ZRH,Zurich,Switzerland,Europe,2026-08-27,2026-09-03,AUD,,,,,,,,,no_data
2026-07-28,PER,JNB,Johannesburg,South Africa,Africa,2026-08-27,2026-09-03,AUD,,,,,,,,,no_data
2026-07-28,PER,CAI,Cairo,Egypt,Africa,2026-08-27,2026-09-03,AUD,,,,,,,,,no_data
2026-07-28,PER,JFK,New York,United States,Americas,2026-08-02,2026-08-09,AUD,2408.0,QF,2,1,1391,1675,1,au,ok_flex
2026-07-28,PER,LAX,Los Angeles,United States,Americas,2026-08-27,2026-09-03,AUD,,,,,,,,,no_data
2026-07-28,PER,SFO,San Francisco,United States,Americas,2026-08-27,2026-09-03,AUD,,,,,,,,,no_data
2026-07-28,PER,YVR,Vancouver,Canada,Americas,2026-08-27,2026-09-03,AUD,,,,,,,,,no_data
2026-07-28,PER,YYZ,Toronto,Canada,Americas,2026-08-27,2026-09-03,AUD,,,,,,,,,no_data
2026-07-29,PER,SYD,Sydney,Australia,Australia & NZ,2026-08-12,2026-08-18,AUD,520.0,JQ,0,0,245,305,2,au,ok_flex
2026-07-29,PER,MEL,Melbourne,Australia,Australia & NZ,2026-08-11,2026-08-12,AUD,574.0,VA,0,0,215,250,3,au,ok_flex
2026-07-29,PER,BNE,Brisbane,Australia,Australia & NZ,2026-08-28,2026-09-04,AUD,,,,,,,,,no_data
2026-07-29,PER,ADL,Adelaide,Australia,Australia & NZ,2026-08-28,2026-09-04,AUD,,,,,,,,,no_data
2026-07-29,PER,AKL,Auckland,New Zealand,Australia & NZ,2026-08-28,2026-09-04,AUD,,,,,,,,,no_data
2026-07-29,PER,CHC,Christchurch,New Zealand,Australia & NZ,2026-08-28,2026-09-04,AUD,,,,,,,,,no_data
2026-07-29,PER,SIN,Singapore,Singapore,Southeast Asia,2026-08-03,2026-08-07,AUD,603.0,AK,1,1,400,400,1,au,ok_flex
2026-07-29,PER,KUL,Kuala Lumpur,Malaysia,Southeast Asia,2026-08-12,2026-08-14,AUD,426.0,TR,1,0,395,335,1,au,ok_flex
2026-07-29,PER,BKK,Bangkok,Thailand,Southeast Asia,2026-08-29,2026-09-06,AUD,561.0,AK,1,1,465,505,1,au,ok_flex
2026-07-29,PER,CGK,Jakarta,Indonesia,Southeast Asia,2026-08-28,2026-09-04,AUD,,,,,,,,,no_data
2026-07-29,PER,DPS,Denpasar,Indonesia,Southeast Asia,2026-08-18,2026-09-17,AUD,401.0,QZ,0,0,220,225,6,au,ok_flex
2026-07-29,PER,SGN,Ho Chi Minh City,Vietnam,Southeast Asia,2026-08-12,2026-08-18,AUD,404.0,AK,1,1,460,455,1,au,ok_flex
2026-07-29,PER,HAN,Hanoi,Vietnam,Southeast Asia,2026-08-28,2026-09-04,AUD,,,,,,,,,no_data
2026-07-29,PER,MNL,Manila,Philippines,Southeast Asia,2026-08-28,2026-09-04,AUD,,,,,,,,,no_data
2026-07-29,PER,HKG,Hong Kong,Hong Kong,East Asia,2026-08-28,2026-09-04,AUD,,,,,,,,,no_data
2026-07-29,PER,TPE,Taipei,Taiwan,East Asia,2026-08-28,2026-09-04,AUD,,,,,,,,,no_data
2026-07-29,PER,ICN,Seoul,South Korea,East Asia,2026-08-28,2026-09-04,AUD,,,,,,,,,no_data
2026-07-29,PER,NRT,Tokyo,Japan,East Asia,2026-08-28,2026-09-04,AUD,,,,,,,,,no_data
2026-07-29,PER,KIX,Osaka,Japan,East Asia,2026-08-28,2026-09-04,AUD,,,,,,,,,no_data
2026-07-29,PER,PVG,Shanghai,China,East Asia,2026-08-21,2026-08-25,AUD,767.0,AK,1,2,665,720,3,au,ok_flex
2026-07-29,PER,PEK,Beijing,China,East Asia,2026-08-11,2026-08-25,AUD,784.0,SQ,1,1,700,675,1,au,ok_flex
2026-07-29,PER,CAN,Guangzhou,China,East Asia,2026-08-17,2026-09-12,AUD,594.0,TR,1,1,570,555,1,au,ok_flex
2026-07-29,PER,DEL,Delhi,India,South Asia,2026-08-28,2026-09-04,AUD,,,,,,,,,no_data
2026-07-29,PER,BOM,Mumbai,India,South Asia,2026-08-28,2026-09-04,AUD,,,,,,,,,no_data
2026-07-29,PER,CMB,Colombo,Sri Lanka,South Asia,2026-08-28,2026-09-04,AUD,,,,,,,,,no_data
2026-07-29,PER,DXB,Dubai,United Arab Emirates,Middle East,2026-08-11,2026-08-14,AUD,1176.0,TR,2,2,890,855,1,au,ok_flex
2026-07-29,PER,DOH,Doha,Qatar,Middle East,2026-08-28,2026-09-04,AUD,,,,,,,,,no_data
2026-07-29,PER,AUH,Abu Dhabi,United Arab Emirates,Middle East,2026-08-28,2026-09-04,AUD,,,,,,,,,no_data
2026-07-29,PER,LHR,London,United Kingdom,Europe,2026-08-01,2026-08-04,AUD,2309.0,MH,2,2,1230,1209,1,au,ok_flex
2026-07-29,PER,CDG,Paris,France,Europe,2026-08-28,2026-09-04,AUD,,,,,,,,,no_data
2026-07-29,PER,FRA,Frankfurt,Germany,Europe,2026-08-28,2026-09-04,AUD,,,,,,,,,no_data
2026-07-29,PER,AMS,Amsterdam,Netherlands,Europe,2026-08-28,2026-09-04,AUD,,,,,,,,,no_data
2026-07-29,PER,FCO,Rome,Italy,Europe,2026-08-16,2026-08-17,AUD,1626.0,AK,3,2,1240,1180,2,au,ok_flex
2026-07-29,PER,MAD,Madrid,Spain,Europe,2026-08-28,2026-09-04,AUD,,,,,,,,,no_data
2026-07-29,PER,IST,Istanbul,Turkey,Europe,2026-08-28,2026-09-04,AUD,,,,,,,,,no_data
2026-07-29,PER,ZRH,Zurich,Switzerland,Europe,2026-08-28,2026-09-04,AUD,,,,,,,,,no_data
2026-07-29,PER,JNB,Johannesburg,South Africa,Africa,2026-08-28,2026-09-04,AUD,,,,,,,,,no_data
2026-07-29,PER,CAI,Cairo,Egypt,Africa,2026-08-28,2026-09-04,AUD,,,,,,,,,no_data
2026-07-29,PER,JFK,New York,United States,Americas,2026-08-02,2026-08-09,AUD,2408.0,QF,2,1,1391,1675,1,au,ok_flex
2026-07-29,PER,LAX,Los Angeles,United States,Americas,2026-08-28,2026-09-04,AUD,,,,,,,,,no_data
2026-07-29,PER,SFO,San Francisco,United States,Americas,2026-08-28,2026-09-04,AUD,,,,,,,,,no_data
2026-07-29,PER,YVR,Vancouver,Canada,Americas,2026-08-28,2026-09-04,AUD,,,,,,,,,no_data
2026-07-29,PER,YYZ,Toronto,Canada,Americas,2026-08-28,2026-09-04,AUD,,,,,,,,,no_data
2026-07-30,PER,SYD,Sydney,Australia,Australia & NZ,2026-08-03,2026-08-08,AUD,652.0,JQ,0,0,245,315,1,au,ok_flex
2026-07-30,PER,MEL,Melbourne,Australia,Australia & NZ,2026-08-11,2026-08-12,AUD,574.0,VA,0,0,215,250,3,au,ok_flex
2026-07-30,PER,BNE,Brisbane,Australia,Australia & NZ,2026-08-29,2026-09-05,AUD,,,,,,,,,no_data
2026-07-30,PER,ADL,Adelaide,Australia,Australia & NZ,2026-08-29,2026-09-05,AUD,,,,,,,,,no_data
2026-07-30,PER,AKL,Auckland,New Zealand,Australia & NZ,2026-08-29,2026-09-05,AUD,,,,,,,,,no_data
2026-07-30,PER,CHC,Christchurch,New Zealand,Australia & NZ,2026-08-29,2026-09-05,AUD,,,,,,,,,no_data
2026-07-30,PER,SIN,Singapore,Singapore,Southeast Asia,2026-08-03,2026-08-07,AUD,603.0,AK,1,1,400,400,1,au,ok_flex
2026-07-30,PER,KUL,Kuala Lumpur,Malaysia,Southeast Asia,2026-08-12,2026-08-14,AUD,426.0,TR,1,0,395,335,1,au,ok_flex
2026-07-30,PER,BKK,Bangkok,Thailand,Southeast Asia,2026-08-29,2026-09-05,AUD,,,,,,,,,no_data
2026-07-30,PER,CGK,Jakarta,Indonesia,Southeast Asia,2026-08-29,2026-09-05,AUD,,,,,,,,,no_data
2026-07-30,PER,DPS,Denpasar,Indonesia,Southeast Asia,2026-08-18,2026-09-17,AUD,401.0,QZ,0,0,220,225,6,au,ok_flex
2026-07-30,PER,SGN,Ho Chi Minh City,Vietnam,Southeast Asia,2026-08-12,2026-08-18,AUD,404.0,AK,1,1,460,455,1,au,ok_flex
2026-07-30,PER,HAN,Hanoi,Vietnam,Southeast Asia,2026-08-29,2026-09-05,AUD,,,,,,,,,no_data
2026-07-30,PER,MNL,Manila,Philippines,Southeast Asia,2026-08-07,2026-08-10,AUD,490.0,AK,1,1,585,580,1,au,ok_flex
2026-07-30,PER,HKG,Hong Kong,Hong Kong,East Asia,2026-08-29,2026-09-05,AUD,,,,,,,,,no_data
2026-07-30,PER,TPE,Taipei,Taiwan,East Asia,2026-08-29,2026-09-05,AUD,,,,,,,,,no_data
2026-07-30,PER,ICN,Seoul,South Korea,East Asia,2026-08-29,2026-09-05,AUD,,,,,,,,,no_data
2026-07-30,PER,NRT,Tokyo,Japan,East Asia,2026-08-14,2026-08-27,AUD,1078.0,TR,2,1,810,855,1,au,ok_flex
2026-07-30,PER,KIX,Osaka,Japan,East Asia,2026-08-29,2026-09-05,AUD,,,,,,,,,no_data
2026-07-30,PER,PVG,Shanghai,China,East Asia,2026-08-21,2026-08-25,AUD,767.0,AK,1,2,665,720,3,au,ok_flex
2026-07-30,PER,PEK,Beijing,China,East Asia,2026-08-11,2026-08-25,AUD,784.0,SQ,1,1,700,675,2,au,ok_flex
2026-07-30,PER,CAN,Guangzhou,China,East Asia,2026-08-17,2026-09-12,AUD,594.0,TR,1,1,570,555,1,au,ok_flex
2026-07-30,PER,DEL,Delhi,India,South Asia,2026-08-29,2026-09-05,AUD,,,,,,,,,no_data
2026-07-30,PER,BOM,Mumbai,India,South Asia,2026-08-29,2026-09-05,AUD,,,,,,,,,no_data
2026-07-30,PER,CMB,Colombo,Sri Lanka,South Asia,2026-08-17,2026-08-27,AUD,1007.0,AK,1,1,545,555,1,au,ok_flex
2026-07-30,PER,DXB,Dubai,United Arab Emirates,Middle East,2026-08-14,2026-08-27,AUD,1140.0,TR,2,2,885,890,2,au,ok_flex
2026-07-30,PER,DOH,Doha,Qatar,Middle East,2026-08-29,2026-09-05,AUD,,,,,,,,,no_data
2026-07-30,PER,AUH,Abu Dhabi,United Arab Emirates,Middle East,2026-08-29,2026-09-05,AUD,,,,,,,,,no_data
2026-07-30,PER,LHR,London,United Kingdom,Europe,2026-08-01,2026-08-04,AUD,2309.0,MH,2,2,1230,1209,1,au,ok_flex
2026-07-30,PER,CDG,Paris,France,Europe,2026-08-29,2026-09-05,AUD,,,,,,,,,no_data
2026-07-30,PER,FRA,Frankfurt,Germany,Europe,2026-08-29,2026-09-05,AUD,,,,,,,,,no_data
2026-07-30,PER,AMS,Amsterdam,Netherlands,Europe,2026-08-14,2026-08-27,AUD,1865.0,TR,3,2,1440,1195,1,au,ok_flex
2026-07-30,PER,FCO,Rome,Italy,Europe,2026-08-16,2026-08-17,AUD,1626.0,AK,3,2,1240,1180,2,au,ok_flex
2026-07-30,PER,MAD,Madrid,Spain,Europe,2026-08-29,2026-09-05,AUD,,,,,,,,,no_data
2026-07-30,PER,IST,Istanbul,Turkey,Europe,2026-08-29,2026-09-05,AUD,,,,,,,,,no_data
2026-07-30,PER,ZRH,Zurich,Switzerland,Europe,2026-08-29,2026-09-05,AUD,,,,,,,,,no_data
2026-07-30,PER,JNB,Johannesburg,South Africa,Africa,2026-08-29,2026-09-05,AUD,,,,,,,,,no_data
2026-07-30,PER,CAI,Cairo,Egypt,Africa,2026-08-29,2026-09-05,AUD,,,,,,,,,no_data
2026-07-30,PER,JFK,New York,United States,Americas,2026-08-02,2026-08-09,AUD,2408.0,QF,2,1,1391,1675,1,au,ok_flex
2026-07-30,PER,LAX,Los Angeles,United States,Americas,2026-08-29,2026-09-05,AUD,,,,,,,,,no_data
2026-07-30,PER,SFO,San Francisco,United States,Americas,2026-08-29,2026-09-05,AUD,,,,,,,,,no_data
2026-07-30,PER,YVR,Vancouver,Canada,Americas,2026-08-29,2026-09-05,AUD,,,,,,,,,no_data
2026-07-30,PER,YYZ,Toronto,Canada,Americas,2026-08-29,2026-09-05,AUD,,,,,,,,,no_data
2026-07-31,PER,SYD,Sydney,Australia,Australia & NZ,2026-08-03,2026-08-08,AUD,652.0,JQ,0,0,245,315,1,au,ok_flex
2026-07-31,PER,MEL,Melbourne,Australia,Australia & NZ,2026-08-11,2026-08-12,AUD,574.0,VA,0,0,215,250,3,au,ok_flex
2026-07-31,PER,BNE,Brisbane,Australia,Australia & NZ,2026-08-30,2026-09-06,AUD,,,,,,,,,no_data
2026-07-31,PER,ADL,Adelaide,Australia,Australia & NZ,2026-08-30,2026-09-06,AUD,,,,,,,,,no_data
2026-07-31,PER,AKL,Auckland,New Zealand,Australia & NZ,2026-08-30,2026-09-06,AUD,,,,,,,,,no_data
2026-07-31,PER,CHC,Christchurch,New Zealand,Australia & NZ,2026-08-30,2026-09-06,AUD,,,,,,,,,no_data
2026-07-31,PER,SIN,Singapore,Singapore,Southeast Asia,2026-08-03,2026-08-07,AUD,603.0,AK,1,1,400,400,1,au,ok_flex
2026-07-31,PER,KUL,Kuala Lumpur,Malaysia,Southeast Asia,2026-08-12,2026-08-14,AUD,426.0,TR,1,0,395,335,1,au,ok_flex
2026-07-31,PER,BKK,Bangkok,Thailand,Southeast Asia,2026-08-30,2026-09-06,AUD,,,,,,,,,no_data
2026-07-31,PER,CGK,Jakarta,Indonesia,Southeast Asia,2026-08-01,2026-08-05,AUD,599.0,TR,1,1,435,480,1,au,ok_flex
2026-07-31,PER,DPS,Denpasar,Indonesia,Southeast Asia,2026-08-30,2026-09-06,AUD,525.0,8B,0,0,225,225,15,default,ok
2026-07-31,PER,SGN,Ho Chi Minh City,Vietnam,Southeast Asia,2026-08-12,2026-08-18,AUD,404.0,AK,1,1,460,455,1,au,ok_flex
2026-07-31,PER,HAN,Hanoi,Vietnam,Southeast Asia,2026-08-30,2026-09-06,AUD,,,,,,,,,no_data
2026-07-31,PER,MNL,Manila,Philippines,Southeast Asia,2026-08-07,2026-08-10,AUD,489.0,AK,1,1,585,580,1,au,ok_flex
2026-07-31,PER,HKG,Hong Kong,Hong Kong,East Asia,2026-08-30,2026-09-06,AUD,,,,,,,,,no_data
2026-07-31,PER,TPE,Taipei,Taiwan,East Asia,2026-08-30,2026-09-06,AUD,,,,,,,,,no_data
2026-07-31,PER,ICN,Seoul,South Korea,East Asia,2026-08-30,2026-09-06,AUD,,,,,,,,,no_data
2026-07-31,PER,NRT,Tokyo,Japan,East Asia,2026-08-14,2026-08-27,AUD,1077.0,TR,2,1,810,855,1,au,ok_flex
2026-07-31,PER,KIX,Osaka,Japan,East Asia,2026-08-30,2026-09-06,AUD,,,,,,,,,no_data
2026-07-31,PER,PVG,Shanghai,China,East Asia,2026-08-17,2026-08-26,AUD,715.0,VJ,1,1,635,665,5,au,ok_flex
2026-07-31,PER,PEK,Beijing,China,East Asia,2026-08-11,2026-08-25,AUD,784.0,SQ,1,1,700,675,2,au,ok_flex
2026-07-31,PER,CAN,Guangzhou,China,East Asia,2026-08-17,2026-09-12,AUD,594.0,TR,1,1,570,555,1,au,ok_flex
2026-07-31,PER,DEL,Delhi,India,South Asia,2026-08-30,2026-09-06,AUD,,,,,,,,,no_data
2026-07-31,PER,BOM,Mumbai,India,South Asia,2026-08-30,2026-09-06,AUD,,,,,,,,,no_data
2026-07-31,PER,CMB,Colombo,Sri Lanka,South Asia,2026-08-17,2026-08-27,AUD,1006.0,AK,1,1,545,555,1,au,ok_flex
2026-07-31,PER,DXB,Dubai,United Arab Emirates,Middle East,2026-08-14,2026-08-27,AUD,1139.0,TR,2,2,885,890,1,au,ok_flex
2026-07-31,PER,DOH,Doha,Qatar,Middle East,2026-08-30,2026-09-06,AUD,,,,,,,,,no_data
2026-07-31,PER,AUH,Abu Dhabi,United Arab Emirates,Middle East,2026-08-30,2026-09-06,AUD,,,,,,,,,no_data
2026-07-31,PER,LHR,London,United Kingdom,Europe,2026-08-01,2026-08-03,AUD,2138.0,CX,1,3,1325,1325,2,au,ok_flex
2026-07-31,PER,CDG,Paris,France,Europe,2026-08-30,2026-09-06,AUD,,,,,,,,,no_data
2026-07-31,PER,FRA,Frankfurt,Germany,Europe,2026-08-30,2026-09-06,AUD,,,,,,,,,no_data
2026-07-31,PER,AMS,Amsterdam,Netherlands,Europe,2026-08-14,2026-08-27,AUD,1863.0,TR,3,2,1440,1195,1,au,ok_flex
2026-07-31,PER,FCO,Rome,Italy,Europe,2026-08-16,2026-08-17,AUD,1626.0,AK,3,2,1240,1180,2,au,ok_flex
2026-07-31,PER,MAD,Madrid,Spain,Europe,2026-08-30,2026-09-06,AUD,,,,,,,,,no_data
2026-07-31,PER,IST,Istanbul,Turkey,Europe,2026-08-30,2026-09-06,AUD,,,,,,,,,no_data
2026-07-31,PER,ZRH,Zurich,Switzerland,Europe,2026-08-30,2026-09-06,AUD,,,,,,,,,no_data
2026-07-31,PER,JNB,Johannesburg,South Africa,Africa,2026-08-30,2026-09-06,AUD,,,,,,,,,no_data
2026-07-31,PER,CAI,Cairo,Egypt,Africa,2026-08-30,2026-09-06,AUD,,,,,,,,,no_data
2026-07-31,PER,JFK,New York,United States,Americas,2026-08-29,2026-09-06,AUD,1893.0,QF,2,1,1404,1675,2,au,ok_flex
2026-07-31,PER,LAX,Los Angeles,United States,Americas,2026-08-30,2026-09-06,AUD,,,,,,,,,no_data
2026-07-31,PER,SFO,San Francisco,United States,Americas,2026-08-30,2026-09-06,AUD,,,,,,,,,no_data
2026-07-31,PER,YVR,Vancouver,Canada,Americas,2026-08-30,2026-09-06,AUD,,,,,,,,,no_data
2026-07-31,PER,YYZ,Toronto,Canada,Americas,2026-08-30,2026-09-06,AUD,,,,,,,,,no_data
2026-08-01,PER,SYD,Sydney,Australia,Australia & NZ,2026-08-03,2026-08-08,AUD,652.0,JQ,0,0,245,315,1,au,ok_flex
2026-08-01,PER,MEL,Melbourne,Australia,Australia & NZ,2026-08-06,2026-08-16,AUD,706.0,VA,1,1,355,290,2,au,ok_flex
2026-08-01,PER,BNE,Brisbane,Australia,Australia & NZ,2026-08-31,2026-09-07,AUD,,,,,,,,,no_data
2026-08-01,PER,ADL,Adelaide,Australia,Australia & NZ,2026-08-31,2026-09-07,AUD,,,,,,,,,no_data
2026-08-01,PER,AKL,Auckland,New Zealand,Australia & NZ,2026-08-31,2026-09-07,AUD,,,,,,,,,no_data
2026-08-01,PER,CHC,Christchurch,New Zealand,Australia & NZ,2026-08-31,2026-09-07,AUD,,,,,,,,,no_data
2026-08-01,PER,SIN,Singapore,Singapore,Southeast Asia,2026-08-03,2026-08-07,AUD,603.0,AK,1,1,400,400,1,au,ok_flex
2026-08-01,PER,KUL,Kuala Lumpur,Malaysia,Southeast Asia,2026-08-12,2026-08-14,AUD,426.0,TR,1,0,395,335,1,au,ok_flex
2026-08-01,PER,BKK,Bangkok,Thailand,Southeast Asia,2026-08-31,2026-09-07,AUD,,,,,,,,,no_data
2026-08-01,PER,CGK,Jakarta,Indonesia,Southeast Asia,2026-08-01,2026-08-05,AUD,600.0,TR,1,1,435,480,1,au,ok_flex
2026-08-01,PER,DPS,Denpasar,Indonesia,Southeast Asia,2026-08-18,2026-09-17,AUD,401.0,QZ,0,0,220,225,6,au,ok_flex
2026-08-01,PER,SGN,Ho Chi Minh City,Vietnam,Southeast Asia,2026-08-12,2026-08-18,AUD,404.0,AK,1,1,460,455,1,au,ok_flex
2026-08-01,PER,HAN,Hanoi,Vietnam,Southeast Asia,2026-08-31,2026-09-07,AUD,,,,,,,,,no_data
2026-08-01,PER,MNL,Manila,Philippines,Southeast Asia,2026-08-07,2026-08-10,AUD,489.0,AK,1,1,585,580,1,au,ok_flex
2026-08-01,PER,HKG,Hong Kong,Hong Kong,East Asia,2026-08-31,2026-09-07,AUD,,,,,,,,,no_data
2026-08-01,PER,TPE,Taipei,Taiwan,East Asia,2026-08-31,2026-09-07,AUD,,,,,,,,,no_data
2026-08-01,PER,ICN,Seoul,South Korea,East Asia,2026-08-31,2026-09-07,AUD,,,,,,,,,no_data
2026-08-01,PER,NRT,Tokyo,Japan,East Asia,2026-08-14,2026-08-27,AUD,1077.0,TR,2,1,810,855,1,au,ok_flex
2026-08-01,PER,KIX,Osaka,Japan,East Asia,2026-08-31,2026-09-07,AUD,,,,,,,,,no_data
2026-08-01,PER,PVG,Shanghai,China,East Asia,2026-08-17,2026-08-26,AUD,716.0,VJ,1,1,635,665,5,au,ok_flex
2026-08-01,PER,PEK,Beijing,China,East Asia,2026-08-11,2026-08-25,AUD,784.0,SQ,1,1,700,675,2,au,ok_flex
2026-08-01,PER,CAN,Guangzhou,China,East Asia,2026-08-31,2026-09-07,AUD,,,,,,,,,no_data
2026-08-01,PER,DEL,Delhi,India,South Asia,2026-08-31,2026-09-07,AUD,,,,,,,,,no_data
2026-08-01,PER,BOM,Mumbai,India,South Asia,2026-08-31,2026-09-07,AUD,,,,,,,,,no_data
2026-08-01,PER,CMB,Colombo,Sri Lanka,South Asia,2026-08-17,2026-08-27,AUD,1006.0,AK,1,1,545,555,1,au,ok_flex
2026-08-01,PER,DXB,Dubai,United Arab Emirates,Middle East,2026-08-14,2026-08-27,AUD,1139.0,TR,2,2,885,890,1,au,ok_flex
2026-08-01,PER,DOH,Doha,Qatar,Middle East,2026-08-31,2026-09-07,AUD,,,,,,,,,no_data
2026-08-01,PER,AUH,Abu Dhabi,United Arab Emirates,Middle East,2026-08-31,2026-09-07,AUD,,,,,,,,,no_data
2026-08-01,PER,LHR,London,United Kingdom,Europe,2026-08-01,2026-08-04,AUD,2309.0,MH,2,2,1230,1209,1,au,ok_flex
2026-08-01,PER,CDG,Paris,France,Europe,2026-08-31,2026-09-07,AUD,,,,,,,,,no_data
2026-08-01,PER,FRA,Frankfurt,Germany,Europe,2026-08-31,2026-09-07,AUD,,,,,,,,,no_data
2026-08-01,PER,AMS,Amsterdam,Netherlands,Europe,2026-08-14,2026-08-27,AUD,1863.0,TR,3,2,1440,1195,1,au,ok_flex
2026-08-01,PER,FCO,Rome,Italy,Europe,2026-08-16,2026-08-17,AUD,1626.0,AK,3,2,1240,1180,2,au,ok_flex
2026-08-01,PER,MAD,Madrid,Spain,Europe,2026-08-31,2026-09-07,AUD,,,,,,,,,no_data
2026-08-01,PER,IST,Istanbul,Turkey,Europe,2026-08-31,2026-09-07,AUD,,,,,,,,,no_data
2026-08-01,PER,ZRH,Zurich,Switzerland,Europe,2026-08-31,2026-09-07,AUD,,,,,,,,,no_data
2026-08-01,PER,JNB,Johannesburg,South Africa,Africa,2026-08-31,2026-09-07,AUD,,,,,,,,,no_data
2026-08-01,PER,CAI,Cairo,Egypt,Africa,2026-08-31,2026-09-07,AUD,,,,,,,,,no_data
2026-08-01,PER,JFK,New York,United States,Americas,2026-08-29,2026-09-06,AUD,1894.0,QF,2,1,1404,1675,2,au,ok_flex
2026-08-01,PER,LAX,Los Angeles,United States,Americas,2026-08-31,2026-09-07,AUD,,,,,,,,,no_data
2026-08-01,PER,SFO,San Francisco,United States,Americas,2026-08-31,2026-09-07,AUD,,,,,,,,,no_data
2026-08-01,PER,YVR,Vancouver,Canada,Americas,2026-08-31,2026-09-07,AUD,,,,,,,,,no_data
2026-08-01,PER,YYZ,Toronto,Canada,Americas,2026-08-31,2026-09-07,AUD,,,,,,,,,no_data
2026-08-02,PER,SYD,Sydney,Australia,Australia & NZ,2026-09-01,2026-09-16,AUD,471.0,JQ,0,0,260,305,2,au,ok_flex
2026-08-02,PER,MEL,Melbourne,Australia,Australia & NZ,2026-09-01,2026-09-08,AUD,,,,,,,,,no_data
2026-08-02,PER,BNE,Brisbane,Australia,Australia & NZ,2026-09-30,2026-10-05,AUD,755.0,JQ,0,0,265,330,1,au,ok_flex
2026-08-02,PER,ADL,Adelaide,Australia,Australia & NZ,2026-09-25,2026-09-25,AUD,352.0,QF,0,0,170,215,4,au,ok_flex
2026-08-02,PER,AKL,Auckland,New Zealand,Australia & NZ,2026-09-01,2026-09-08,AUD,,,,,,,,,no_data
2026-08-02,PER,CHC,Christchurch,New Zealand,Australia & NZ,2026-09-01,2026-09-08,AUD,,,,,,,,,no_data
2026-08-02,PER,SIN,Singapore,Singapore,Southeast Asia,2026-09-25,2026-10-04,AUD,847.0,AK,2,0,820,310,2,au,ok_flex
2026-08-02,PER,KUL,Kuala Lumpur,Malaysia,Southeast Asia,2026-09-24,2026-10-04,AUD,635.0,AK,0,0,335,335,2,au,ok_flex
2026-08-02,PER,BKK,Bangkok,Thailand,Southeast Asia,2026-09-23,2026-09-23,AUD,516.0,TR,1,1,475,460,4,au,ok_flex
2026-08-02,PER,CGK,Jakarta,Indonesia,Southeast Asia,2026-09-26,2026-10-04,AUD,828.0,OD,1,1,490,420,1,au,ok_flex
2026-08-02,PER,DPS,Denpasar,Indonesia,Southeast Asia,2026-09-05,2026-09-26,AUD,474.0,JQ,0,0,220,225,24,au,ok_flex
2026-08-02,PER,SGN,Ho Chi Minh City,Vietnam,Southeast Asia,2026-09-23,2026-10-05,AUD,718.0,TR,2,1,510,435,3,au,ok_flex
2026-08-02,PER,HAN,Hanoi,Vietnam,Southeast Asia,2026-09-25,2026-10-03,AUD,707.0,AK,1,1,535,515,2,au,ok_flex
2026-08-02,PER,MNL,Manila,Philippines,Southeast Asia,2026-09-25,2026-10-04,AUD,589.0,AK,1,1,585,535,1,au,ok_flex
2026-08-02,PER,HKG,Hong Kong,Hong Kong,East Asia,2026-09-25,2026-10-04,AUD,849.0,AK,1,1,575,550,2,au,ok_flex
2026-08-02,PER,TPE,Taipei,Taiwan,East Asia,2026-09-05,2026-09-19,AUD,604.0,TR,1,1,605,575,1,au,ok_flex
2026-08-02,PER,ICN,Seoul,South Korea,East Asia,2026-09-01,2026-09-08,AUD,,,,,,,,,no_data
2026-08-02,PER,NRT,Tokyo,Japan,East Asia,2026-09-01,2026-09-08,AUD,,,,,,,,,no_data
2026-08-02,PER,KIX,Osaka,Japan,East Asia,2026-09-01,2026-09-08,AUD,,,,,,,,,no_data
2026-08-02,PER,PVG,Shanghai,China,East Asia,2026-09-01,2026-09-08,AUD,,,,,,,,,no_data
2026-08-02,PER,PEK,Beijing,China,East Asia,2026-09-01,2026-09-08,AUD,,,,,,,,,no_data
2026-08-02,PER,CAN,Guangzhou,China,East Asia,2026-09-08,2026-10-08,AUD,796.0,AK,1,1,590,555,1,au,ok_flex
2026-08-02,PER,DEL,Delhi,India,South Asia,2026-09-17,2026-09-20,AUD,833.0,TR,2,2,755,760,2,au,ok_flex
2026-08-02,PER,BOM,Mumbai,India,South Asia,2026-09-01,2026-09-08,AUD,,,,,,,,,no_data
2026-08-02,PER,CMB,Colombo,Sri Lanka,South Asia,2026-09-25,2026-10-04,AUD,1068.0,AK,1,3,545,690,2,au,ok_flex
2026-08-02,PER,DXB,Dubai,United Arab Emirates,Middle East,2026-09-01,2026-09-08,AUD,,,,,,,,,no_data
2026-08-02,PER,DOH,Doha,Qatar,Middle East,2026-09-01,2026-09-08,AUD,,,,,,,,,no_data
2026-08-02,PER,AUH,Abu Dhabi,United Arab Emirates,Middle East,2026-09-01,2026-09-08,AUD,,,,,,,,,no_data
2026-08-02,PER,LHR,London,United Kingdom,Europe,2026-09-21,2026-09-28,AUD,1590.0,TR,2,2,1220,1215,1,au,ok_flex
2026-08-02,PER,CDG,Paris,France,Europe,2026-09-01,2026-09-10,AUD,1562.0,TR,2,3,1220,1410,1,au,ok_flex
2026-08-02,PER,FRA,Frankfurt,Germany,Europe,2026-09-01,2026-09-08,AUD,,,,,,,,,no_data
2026-08-02,PER,AMS,Amsterdam,Netherlands,Europe,2026-09-01,2026-09-08,AUD,,,,,,,,,no_data
2026-08-02,PER,FCO,Rome,Italy,Europe,2026-09-01,2026-09-03,AUD,1608.0,TR,3,2,1265,1385,1,au,ok_flex
2026-08-02,PER,MAD,Madrid,Spain,Europe,2026-09-01,2026-09-08,AUD,,,,,,,,,no_data
2026-08-02,PER,IST,Istanbul,Turkey,Europe,2026-09-01,2026-09-08,AUD,,,,,,,,,no_data
2026-08-02,PER,ZRH,Zurich,Switzerland,Europe,2026-09-01,2026-09-08,AUD,,,,,,,,,no_data
2026-08-02,PER,JNB,Johannesburg,South Africa,Africa,2026-09-01,2026-09-08,AUD,,,,,,,,,no_data
2026-08-02,PER,CAI,Cairo,Egypt,Africa,2026-09-01,2026-09-08,AUD,,,,,,,,,no_data
2026-08-02,PER,JFK,New York,United States,Americas,2026-09-01,2026-09-08,AUD,,,,,,,,,no_data
2026-08-02,PER,LAX,Los Angeles,United States,Americas,2026-09-01,2026-09-08,AUD,,,,,,,,,no_data
2026-08-02,PER,SFO,San Francisco,United States,Americas,2026-09-01,2026-09-08,AUD,,,,,,,,,no_data
2026-08-02,PER,YVR,Vancouver,Canada,Americas,2026-09-01,2026-09-08,AUD,,,,,,,,,no_data
2026-08-02,PER,YYZ,Toronto,Canada,Americas,2026-09-01,2026-09-08,AUD,,,,,,,,,no_data
2026-08-03,PER,SYD,Sydney,Australia,Australia & NZ,2026-09-01,2026-09-16,AUD,471.0,JQ,0,0,260,305,2,au,ok_flex
2026-08-03,PER,MEL,Melbourne,Australia,Australia & NZ,2026-09-02,2026-09-09,AUD,,,,,,,,,no_data
2026-08-03,PER,BNE,Brisbane,Australia,Australia & NZ,2026-09-02,2026-09-09,AUD,,,,,,,,,no_data
2026-08-03,PER,ADL,Adelaide,Australia,Australia & NZ,2026-09-25,2026-09-25,AUD,352.0,QF,0,0,170,215,4,au,ok_flex
2026-08-03,PER,AKL,Auckland,New Zealand,Australia & NZ,2026-09-02,2026-09-09,AUD,,,,,,,,,no_data
2026-08-03,PER,CHC,Christchurch,New Zealand,Australia & NZ,2026-09-02,2026-09-09,AUD,,,,,,,,,no_data
2026-08-03,PER,SIN,Singapore,Singapore,Southeast Asia,2026-09-25,2026-10-04,AUD,847.0,AK,2,0,820,310,2,au,ok_flex
2026-08-03,PER,KUL,Kuala Lumpur,Malaysia,Southeast Asia,2026-09-24,2026-10-04,AUD,635.0,AK,0,0,335,335,2,au,ok_flex
2026-08-03,PER,BKK,Bangkok,Thailand,Southeast Asia,2026-09-25,2026-10-03,AUD,863.0,VJ,1,1,485,460,3,au,ok_flex
2026-08-03,PER,CGK,Jakarta,Indonesia,Southeast Asia,2026-09-26,2026-10-04,AUD,828.0,OD,1,1,490,420,1,au,ok_flex
2026-08-03,PER,DPS,Denpasar,Indonesia,Southeast Asia,2026-09-05,2026-09-26,AUD,474.0,JQ,0,0,220,225,24,au,ok_flex
2026-08-03,PER,SGN,Ho Chi Minh City,Vietnam,Southeast Asia,2026-09-23,2026-10-05,AUD,718.0,TR,2,1,510,435,5,au,ok_flex
2026-08-03,PER,HAN,Hanoi,Vietnam,Southeast Asia,2026-09-25,2026-10-03,AUD,707.0,AK,1,1,535,515,2,au,ok_flex
2026-08-03,PER,MNL,Manila,Philippines,Southeast Asia,2026-09-25,2026-10-03,AUD,621.0,AK,1,1,585,525,2,au,ok_flex
2026-08-03,PER,HKG,Hong Kong,Hong Kong,East Asia,2026-09-25,2026-10-04,AUD,849.0,AK,1,1,575,550,2,au,ok_flex
2026-08-03,PER,TPE,Taipei,Taiwan,East Asia,2026-09-02,2026-09-09,AUD,,,,,,,,,no_data
2026-08-03,PER,ICN,Seoul,South Korea,East Asia,2026-09-02,2026-09-09,AUD,,,,,,,,,no_data
2026-08-03,PER,NRT,Tokyo,Japan,East Asia,2026-09-02,2026-09-09,AUD,,,,,,,,,no_data
2026-08-03,PER,KIX,Osaka,Japan,East Asia,2026-09-02,2026-09-09,AUD,,,,,,,,,no_data
2026-08-03,PER,PVG,Shanghai,China,East Asia,2026-09-02,2026-09-09,AUD,,,,,,,,,no_data
2026-08-03,PER,PEK,Beijing,China,East Asia,2026-09-02,2026-09-09,AUD,,,,,,,,,no_data
2026-08-03,PER,CAN,Guangzhou,China,East Asia,2026-09-08,2026-10-08,AUD,796.0,AK,1,1,590,555,1,au,ok_flex
2026-08-03,PER,DEL,Delhi,India,South Asia,2026-09-17,2026-09-20,AUD,833.0,TR,2,2,755,760,2,au,ok_flex
2026-08-03,PER,BOM,Mumbai,India,South Asia,2026-09-02,2026-09-09,AUD,,,,,,,,,no_data
2026-08-03,PER,CMB,Colombo,Sri Lanka,South Asia,2026-09-25,2026-10-04,AUD,1068.0,AK,1,3,545,690,2,au,ok_flex
2026-08-03,PER,DXB,Dubai,United Arab Emirates,Middle East,2026-09-02,2026-09-09,AUD,,,,,,,,,no_data
2026-08-03,PER,DOH,Doha,Qatar,Middle East,2026-09-02,2026-09-09,AUD,,,,,,,,,no_data
2026-08-03,PER,AUH,Abu Dhabi,United Arab Emirates,Middle East,2026-09-02,2026-09-09,AUD,,,,,,,,,no_data
2026-08-03,PER,LHR,London,United Kingdom,Europe,2026-09-21,2026-09-28,AUD,1590.0,TR,2,2,1220,1215,1,au,ok_flex
2026-08-03,PER,CDG,Paris,France,Europe,2026-09-01,2026-09-10,AUD,1562.0,TR,2,3,1220,1410,1,au,ok_flex
2026-08-03,PER,FRA,Frankfurt,Germany,Europe,2026-09-02,2026-09-09,AUD,,,,,,,,,no_data
2026-08-03,PER,AMS,Amsterdam,Netherlands,Europe,2026-09-02,2026-09-09,AUD,,,,,,,,,no_data
2026-08-03,PER,FCO,Rome,Italy,Europe,2026-09-01,2026-09-03,AUD,1608.0,TR,3,2,1265,1385,1,au,ok_flex
2026-08-03,PER,MAD,Madrid,Spain,Europe,2026-09-02,2026-09-09,AUD,,,,,,,,,no_data
2026-08-03,PER,IST,Istanbul,Turkey,Europe,2026-09-02,2026-09-09,AUD,,,,,,,,,no_data
2026-08-03,PER,ZRH,Zurich,Switzerland,Europe,2026-09-02,2026-09-09,AUD,,,,,,,,,no_data
2026-08-03,PER,JNB,Johannesburg,South Africa,Africa,2026-09-02,2026-09-09,AUD,,,,,,,,,no_data
2026-08-03,PER,CAI,Cairo,Egypt,Africa,2026-09-02,2026-09-09,AUD,,,,,,,,,no_data
2026-08-03,PER,JFK,New York,United States,Americas,2026-09-02,2026-09-09,AUD,,,,,,,,,no_data
2026-08-03,PER,LAX,Los Angeles,United States,Americas,2026-09-02,2026-09-09,AUD,,,,,,,,,no_data
2026-08-03,PER,SFO,San Francisco,United States,Americas,2026-09-02,2026-09-09,AUD,,,,,,,,,no_data
2026-08-03,PER,YVR,Vancouver,Canada,Americas,2026-09-02,2026-09-09,AUD,,,,,,,,,no_data
2026-08-03,PER,YYZ,Toronto,Canada,Americas,2026-09-02,2026-09-09,AUD,,,,,,,,,no_data
2026-08-04,PER,SYD,Sydney,Australia,Australia & NZ,2026-09-10,2026-09-13,AUD,541.0,JQ,0,0,245,305,1,au,ok_flex
2026-08-04,PER,MEL,Melbourne,Australia,Australia & NZ,2026-09-03,2026-09-10,AUD,,,,,,,,,no_data
2026-08-04,PER,BNE,Brisbane,Australia,Australia & NZ,2026-09-03,2026-09-10,AUD,,,,,,,,,no_data
2026-08-04,PER,ADL,Adelaide,Australia,Australia & NZ,2026-09-25,2026-09-25,AUD,352.0,QF,0,0,170,215,3,au,ok_flex
2026-08-04,PER,AKL,Auckland,New Zealand,Australia & NZ,2026-09-03,2026-09-10,AUD,,,,,,,,,no_data
2026-08-04,PER,CHC,Christchurch,New Zealand,Australia & NZ,2026-09-03,2026-09-10,AUD,,,,,,,,,no_data
2026-08-04,PER,SIN,Singapore,Singapore,Southeast Asia,2026-09-06,2026-09-20,AUD,481.0,TR,0,0,320,310,4,au,ok_flex
2026-08-04,PER,KUL,Kuala Lumpur,Malaysia,Southeast Asia,2026-09-24,2026-10-04,AUD,635.0,AK,0,0,335,335,2,au,ok_flex
2026-08-04,PER,BKK,Bangkok,Thailand,Southeast Asia,2026-09-01,2026-09-26,AUD,487.0,AK,1,1,465,460,4,au,ok_flex
2026-08-04,PER,CGK,Jakarta,Indonesia,Southeast Asia,2026-09-26,2026-10-04,AUD,828.0,OD,1,1,490,420,1,au,ok_flex
2026-08-04,PER,DPS,Denpasar,Indonesia,Southeast Asia,2026-09-15,2026-09-20,AUD,472.0,JQ,0,1,220,475,24,au,ok_flex
2026-08-04,PER,SGN,Ho Chi Minh City,Vietnam,Southeast Asia,2026-09-23,2026-10-05,AUD,718.0,TR,2,1,510,435,5,au,ok_flex
2026-08-04,PER,HAN,Hanoi,Vietnam,Southeast Asia,2026-09-25,2026-10-03,AUD,707.0,AK,1,1,535,515,2,au,ok_flex
2026-08-04,PER,MNL,Manila,Philippines,Southeast Asia,2026-09-25,2026-10-03,AUD,622.0,AK,1,1,585,525,2,au,ok_flex
2026-08-04,PER,HKG,Hong Kong,Hong Kong,East Asia,2026-09-25,2026-10-04,AUD,849.0,AK,1,1,575,550,2,au,ok_flex
2026-08-04,PER,TPE,Taipei,Taiwan,East Asia,2026-09-07,2026-09-14,AUD,538.0,TR,1,1,605,575,1,au,ok_flex
2026-08-04,PER,ICN,Seoul,South Korea,East Asia,2026-09-03,2026-09-10,AUD,,,,,,,,,no_data
2026-08-04,PER,NRT,Tokyo,Japan,East Asia,2026-09-03,2026-09-10,AUD,,,,,,,,,no_data
2026-08-04,PER,KIX,Osaka,Japan,East Asia,2026-09-03,2026-09-10,AUD,,,,,,,,,no_data
2026-08-04,PER,PVG,Shanghai,China,East Asia,2026-09-03,2026-09-10,AUD,,,,,,,,,no_data
2026-08-04,PER,PEK,Beijing,China,East Asia,2026-09-01,2026-09-26,AUD,1064.0,AK,2,2,755,775,1,au,ok_flex
2026-08-04,PER,CAN,Guangzhou,China,East Asia,2026-09-08,2026-10-08,AUD,796.0,AK,1,1,590,555,1,au,ok_flex
2026-08-04,PER,DEL,Delhi,India,South Asia,2026-09-16,2026-10-02,AUD,934.0,TR,2,2,765,745,1,au,ok_flex
2026-08-04,PER,BOM,Mumbai,India,South Asia,2026-09-03,2026-09-10,AUD,,,,,,,,,no_data
2026-08-04,PER,CMB,Colombo,Sri Lanka,South Asia,2026-09-25,2026-10-04,AUD,1068.0,AK,1,3,545,690,2,au,ok_flex
2026-08-04,PER,DXB,Dubai,United Arab Emirates,Middle East,2026-09-03,2026-09-10,AUD,,,,,,,,,no_data
2026-08-04,PER,DOH,Doha,Qatar,Middle East,2026-09-03,2026-09-10,AUD,,,,,,,,,no_data
2026-08-04,PER,AUH,Abu Dhabi,United Arab Emirates,Middle East,2026-09-03,2026-09-10,AUD,,,,,,,,,no_data
2026-08-04,PER,LHR,London,United Kingdom,Europe,2026-09-21,2026-09-28,AUD,1590.0,TR,2,2,1220,1215,2,au,ok_flex
2026-08-04,PER,CDG,Paris,France,Europe,2026-09-03,2026-09-10,AUD,,,,,,,,,no_data
2026-08-04,PER,FRA,Frankfurt,Germany,Europe,2026-09-03,2026-09-10,AUD,,,,,,,,,no_data
2026-08-04,PER,AMS,Amsterdam,Netherlands,Europe,2026-09-03,2026-09-10,AUD,,,,,,,,,no_data
2026-08-04,PER,FCO,Rome,Italy,Europe,2026-09-03,2026-09-10,AUD,,,,,,,,,no_data
2026-08-04,PER,MAD,Madrid,Spain,Europe,2026-09-03,2026-09-10,AUD,,,,,,,,,no_data
2026-08-04,PER,IST,Istanbul,Turkey,Europe,2026-09-03,2026-09-10,AUD,,,,,,,,,no_data
2026-08-04,PER,ZRH,Zurich,Switzerland,Europe,2026-09-03,2026-09-10,AUD,,,,,,,,,no_data
2026-08-04,PER,JNB,Johannesburg,South Africa,Africa,2026-09-03,2026-09-10,AUD,,,,,,,,,no_data
2026-08-04,PER,CAI,Cairo,Egypt,Africa,2026-09-03,2026-09-10,AUD,,,,,,,,,no_data
2026-08-04,PER,JFK,New York,United States,Americas,2026-09-03,2026-09-10,AUD,,,,,,,,,no_data
2026-08-04,PER,LAX,Los Angeles,United States,Americas,2026-09-03,2026-09-10,AUD,,,,,,,,,no_data
2026-08-04,PER,SFO,San Francisco,United States,Americas,2026-09-03,2026-09-10,AUD,,,,,,,,,no_data
2026-08-04,PER,YVR,Vancouver,Canada,Americas,2026-09-03,2026-09-10,AUD,,,,,,,,,no_data
2026-08-04,PER,YYZ,Toronto,Canada,Americas,2026-09-03,2026-09-10,AUD,,,,,,,,,no_data
2026-08-05,PER,SYD,Sydney,Australia,Australia & NZ,2026-09-10,2026-09-13,AUD,541.0,JQ,0,0,245,305,1,au,ok_flex
2026-08-05,PER,MEL,Melbourne,Australia,Australia & NZ,2026-09-04,2026-09-11,AUD,,,,,,,,,no_data
2026-08-05,PER,BNE,Brisbane,Australia,Australia & NZ,2026-09-04,2026-09-11,AUD,,,,,,,,,no_data
2026-08-05,PER,ADL,Adelaide,Australia,Australia & NZ,2026-09-25,2026-09-25,AUD,352.0,QF,0,0,170,215,3,au,ok_flex
2026-08-05,PER,AKL,Auckland,New Zealand,Australia & NZ,2026-09-04,2026-09-11,AUD,,,,,,,,,no_data
2026-08-05,PER,CHC,Christchurch,New Zealand,Australia & NZ,2026-09-04,2026-09-11,AUD,,,,,,,,,no_data
2026-08-05,PER,SIN,Singapore,Singapore,Southeast Asia,2026-09-01,2026-09-23,AUD,386.0,TR,0,0,320,310,6,au,ok_flex
2026-08-05,PER,KUL,Kuala Lumpur,Malaysia,Southeast Asia,2026-09-24,2026-10-04,AUD,635.0,AK,0,0,335,335,2,au,ok_flex
2026-08-05,PER,BKK,Bangkok,Thailand,Southeast Asia,2026-09-01,2026-09-26,AUD,487.0,AK,1,1,465,460,4,au,ok_flex
2026-08-05,PER,CGK,Jakarta,Indonesia,Southeast Asia,2026-09-26,2026-10-04,AUD,828.0,OD,1,1,490,420,1,au,ok_flex
2026-08-05,PER,DPS,Denpasar,Indonesia,Southeast Asia,2026-09-04,2026-09-11,AUD,519.0,JQ,0,0,220,225,14,default,ok
2026-08-05,PER,SGN,Ho Chi Minh City,Vietnam,Southeast Asia,2026-09-23,2026-10-05,AUD,718.0,TR,2,1,510,435,5,au,ok_flex
2026-08-05,PER,HAN,Hanoi,Vietnam,Southeast Asia,2026-09-25,2026-10-03,AUD,707.0,AK,1,1,535,515,2,au,ok_flex
2026-08-05,PER,MNL,Manila,Philippines,Southeast Asia,2026-09-25,2026-10-03,AUD,622.0,AK,1,1,585,525,2,au,ok_flex
2026-08-05,PER,HKG,Hong Kong,Hong Kong,East Asia,2026-09-25,2026-10-04,AUD,849.0,AK,1,1,575,550,2,au,ok_flex
2026-08-05,PER,TPE,Taipei,Taiwan,East Asia,2026-09-07,2026-09-14,AUD,537.0,TR,1,1,605,575,1,au,ok_flex
2026-08-05,PER,ICN,Seoul,South Korea,East Asia,2026-09-04,2026-09-11,AUD,,,,,,,,,no_data
2026-08-05,PER,NRT,Tokyo,Japan,East Asia,2026-09-04,2026-09-11,AUD,,,,,,,,,no_data
2026-08-05,PER,KIX,Osaka,Japan,East Asia,2026-09-04,2026-09-11,AUD,,,,,,,,,no_data
2026-08-05,PER,PVG,Shanghai,China,East Asia,2026-09-04,2026-09-11,AUD,,,,,,,,,no_data
2026-08-05,PER,PEK,Beijing,China,East Asia,2026-09-01,2026-09-26,AUD,1064.0,AK,2,2,755,775,1,au,ok_flex
2026-08-05,PER,CAN,Guangzhou,China,East Asia,2026-09-08,2026-10-08,AUD,796.0,AK,1,1,590,555,1,au,ok_flex
2026-08-05,PER,DEL,Delhi,India,South Asia,2026-09-16,2026-10-02,AUD,934.0,TR,2,2,765,745,1,au,ok_flex
2026-08-05,PER,BOM,Mumbai,India,South Asia,2026-09-04,2026-09-11,AUD,,,,,,,,,no_data
2026-08-05,PER,CMB,Colombo,Sri Lanka,South Asia,2026-09-25,2026-10-04,AUD,1068.0,AK,1,3,545,690,2,au,ok_flex
2026-08-05,PER,DXB,Dubai,United Arab Emirates,Middle East,2026-09-04,2026-09-11,AUD,,,,,,,,,no_data
2026-08-05,PER,DOH,Doha,Qatar,Middle East,2026-09-04,2026-09-11,AUD,,,,,,,,,no_data
2026-08-05,PER,AUH,Abu Dhabi,United Arab Emirates,Middle East,2026-09-04,2026-09-11,AUD,,,,,,,,,no_data
2026-08-05,PER,LHR,London,United Kingdom,Europe,2026-09-21,2026-09-28,AUD,1590.0,TR,2,2,1220,1215,2,au,ok_flex
2026-08-05,PER,CDG,Paris,France,Europe,2026-09-04,2026-09-11,AUD,,,,,,,,,no_data
2026-08-05,PER,FRA,Frankfurt,Germany,Europe,2026-09-04,2026-09-11,AUD,,,,,,,,,no_data
2026-08-05,PER,AMS,Amsterdam,Netherlands,Europe,2026-09-04,2026-09-11,AUD,,,,,,,,,no_data
2026-08-05,PER,FCO,Rome,Italy,Europe,2026-09-04,2026-09-11,AUD,,,,,,,,,no_data
2026-08-05,PER,MAD,Madrid,Spain,Europe,2026-09-04,2026-09-11,AUD,,,,,,,,,no_data
2026-08-05,PER,IST,Istanbul,Turkey,Europe,2026-09-04,2026-09-11,AUD,,,,,,,,,no_data
2026-08-05,PER,ZRH,Zurich,Switzerland,Europe,2026-09-04,2026-09-11,AUD,,,,,,,,,no_data
2026-08-05,PER,JNB,Johannesburg,South Africa,Africa,2026-09-04,2026-09-11,AUD,,,,,,,,,no_data
2026-08-05,PER,CAI,Cairo,Egypt,Africa,2026-09-04,2026-09-11,AUD,,,,,,,,,no_data
2026-08-05,PER,JFK,New York,United States,Americas,2026-09-04,2026-09-11,AUD,,,,,,,,,no_data
2026-08-05,PER,LAX,Los Angeles,United States,Americas,2026-09-04,2026-09-11,AUD,,,,,,,,,no_data
2026-08-05,PER,SFO,San Francisco,United States,Americas,2026-09-04,2026-09-11,AUD,,,,,,,,,no_data
2026-08-05,PER,YVR,Vancouver,Canada,Americas,2026-09-04,2026-09-11,AUD,,,,,,,,,no_data
2026-08-05,PER,YYZ,Toronto,Canada,Americas,2026-09-04,2026-09-11,AUD,,,,,,,,,no_data
2026-08-06,PER,SYD,Sydney,Australia,Australia & NZ,2026-09-02,2026-09-08,AUD,516.0,JQ,0,0,245,305,2,au,ok_flex
2026-08-06,PER,MEL,Melbourne,Australia,Australia & NZ,2026-09-05,2026-09-12,AUD,,,,,,,,,no_data
2026-08-06,PER,BNE,Brisbane,Australia,Australia & NZ,2026-09-05,2026-09-12,AUD,,,,,,,,,no_data
2026-08-06,PER,ADL,Adelaide,Australia,Australia & NZ,2026-09-26,2026-10-05,AUD,416.0,JQ,0,0,190,205,1,au,ok_flex
2026-08-06,PER,AKL,Auckland,New Zealand,Australia & NZ,2026-09-05,2026-09-12,AUD,,,,,,,,,no_data
2026-08-06,PER,CHC,Christchurch,New Zealand,Australia & NZ,2026-09-05,2026-09-12,AUD,,,,,,,,,no_data
2026-08-06,PER,SIN,Singapore,Singapore,Southeast Asia,2026-09-01,2026-09-23,AUD,403.0,TR,0,0,320,310,7,au,ok_flex
2026-08-06,PER,KUL,Kuala Lumpur,Malaysia,Southeast Asia,2026-09-24,2026-10-04,AUD,635.0,AK,0,0,335,335,2,au,ok_flex
2026-08-06,PER,BKK,Bangkok,Thailand,Southeast Asia,2026-09-01,2026-09-22,AUD,465.0,AK,1,1,465,460,5,au,ok_flex
2026-08-06,PER,CGK,Jakarta,Indonesia,Southeast Asia,2026-09-26,2026-10-04,AUD,828.0,OD,1,1,490,420,1,au,ok_flex
2026-08-06,PER,DPS,Denpasar,Indonesia,Southeast Asia,2026-09-15,2026-09-20,AUD,472.0,JQ,0,1,220,475,15,au,ok_flex
2026-08-06,PER,SGN,Ho Chi Minh City,Vietnam,Southeast Asia,2026-09-23,2026-10-05,AUD,718.0,TR,2,1,510,435,5,au,ok_flex
2026-08-06,PER,HAN,Hanoi,Vietnam,Southeast Asia,2026-09-25,2026-10-03,AUD,707.0,AK,1,1,535,515,2,au,ok_flex
2026-08-06,PER,MNL,Manila,Philippines,Southeast Asia,2026-09-25,2026-10-03,AUD,622.0,AK,1,1,585,525,2,au,ok_flex
2026-08-06,PER,HKG,Hong Kong,Hong Kong,East Asia,2026-09-25,2026-10-04,AUD,849.0,AK,1,1,575,550,2,au,ok_flex
2026-08-06,PER,TPE,Taipei,Taiwan,East Asia,2026-09-07,2026-09-14,AUD,537.0,TR,1,1,605,575,1,au,ok_flex
2026-08-06,PER,ICN,Seoul,South Korea,East Asia,2026-09-05,2026-09-12,AUD,,,,,,,,,no_data
2026-08-06,PER,NRT,Tokyo,Japan,East Asia,2026-09-04,2026-09-18,AUD,1158.0,TR,2,2,825,800,1,au,ok_flex
2026-08-06,PER,KIX,Osaka,Japan,East Asia,2026-09-04,2026-09-18,AUD,1043.0,TR,2,1,825,705,1,au,ok_flex
2026-08-06,PER,PVG,Shanghai,China,East Asia,2026-09-05,2026-09-12,AUD,,,,,,,,,no_data
2026-08-06,PER,PEK,Beijing,China,East Asia,2026-09-01,2026-09-22,AUD,1029.0,SQ,1,1,700,680,2,au,ok_flex
2026-08-06,PER,CAN,Guangzhou,China,East Asia,2026-09-08,2026-10-08,AUD,796.0,AK,1,1,590,555,1,au,ok_flex
2026-08-06,PER,DEL,Delhi,India,South Asia,2026-09-16,2026-10-02,AUD,934.0,TR,2,2,765,745,1,au,ok_flex
2026-08-06,PER,BOM,Mumbai,India,South Asia,2026-09-05,2026-09-12,AUD,,,,,,,,,no_data
2026-08-06,PER,CMB,Colombo,Sri Lanka,South Asia,2026-09-25,2026-10-04,AUD,1068.0,AK,1,3,545,690,2,au,ok_flex
2026-08-06,PER,DXB,Dubai,United Arab Emirates,Middle East,2026-09-05,2026-09-12,AUD,,,,,,,,,no_data
2026-08-06,PER,DOH,Doha,Qatar,Middle East,2026-09-05,2026-09-12,AUD,,,,,,,,,no_data
2026-08-06,PER,AUH,Abu Dhabi,United Arab Emirates,Middle East,2026-09-05,2026-09-12,AUD,,,,,,,,,no_data
2026-08-06,PER,LHR,London,United Kingdom,Europe,2026-09-30,2026-10-31,AUD,1650.0,CX,1,1,1330,1190,1,au,ok_flex
2026-08-06,PER,CDG,Paris,France,Europe,2026-09-05,2026-09-12,AUD,,,,,,,,,no_data
2026-08-06,PER,FRA,Frankfurt,Germany,Europe,2026-09-05,2026-09-12,AUD,,,,,,,,,no_data
2026-08-06,PER,AMS,Amsterdam,Netherlands,Europe,2026-09-05,2026-09-12,AUD,,,,,,,,,no_data
2026-08-06,PER,FCO,Rome,Italy,Europe,2026-09-05,2026-09-12,AUD,,,,,,,,,no_data
2026-08-06,PER,MAD,Madrid,Spain,Europe,2026-09-05,2026-09-12,AUD,,,,,,,,,no_data
2026-08-06,PER,IST,Istanbul,Turkey,Europe,2026-09-05,2026-09-12,AUD,,,,,,,,,no_data
2026-08-06,PER,ZRH,Zurich,Switzerland,Europe,2026-09-05,2026-09-12,AUD,,,,,,,,,no_data
2026-08-06,PER,JNB,Johannesburg,South Africa,Africa,2026-09-05,2026-09-12,AUD,,,,,,,,,no_data
2026-08-06,PER,CAI,Cairo,Egypt,Africa,2026-09-05,2026-09-12,AUD,,,,,,,,,no_data
2026-08-06,PER,JFK,New York,United States,Americas,2026-09-05,2026-09-12,AUD,,,,,,,,,no_data
2026-08-06,PER,LAX,Los Angeles,United States,Americas,2026-09-05,2026-09-12,AUD,,,,,,,,,no_data
2026-08-06,PER,SFO,San Francisco,United States,Americas,2026-09-05,2026-09-12,AUD,,,,,,,,,no_data
2026-08-06,PER,YVR,Vancouver,Canada,Americas,2026-09-05,2026-09-12,AUD,,,,,,,,,no_data
2026-08-06,PER,YYZ,Toronto,Canada,Americas,2026-09-05,2026-09-12,AUD,,,,,,,,,no_data
2026-08-07,PER,SYD,Sydney,Australia,Australia & NZ,2026-09-02,2026-09-08,AUD,516.0,JQ,0,0,245,305,2,au,ok_flex
2026-08-07,PER,MEL,Melbourne,Australia,Australia & NZ,2026-09-06,2026-09-13,AUD,,,,,,,,,no_data
2026-08-07,PER,BNE,Brisbane,Australia,Australia & NZ,2026-09-06,2026-09-13,AUD,,,,,,,,,no_data
2026-08-07,PER,ADL,Adelaide,Australia,Australia & NZ,2026-09-26,2026-10-05,AUD,415.0,JQ,0,0,190,205,1,au,ok_flex
2026-08-07,PER,AKL,Auckland,New Zealand,Australia & NZ,2026-09-06,2026-09-13,AUD,,,,,,,,,no_data
2026-08-07,PER,CHC,Christchurch,New Zealand,Australia & NZ,2026-09-06,2026-09-13,AUD,,,,,,,,,no_data
2026-08-07,PER,SIN,Singapore,Singapore,Southeast Asia,2026-09-01,2026-09-23,AUD,403.0,TR,0,0,320,310,7,au,ok_flex
2026-08-07,PER,KUL,Kuala Lumpur,Malaysia,Southeast Asia,2026-09-22,2026-09-29,AUD,484.0,AK,0,0,335,345,3,au,ok_flex
2026-08-07,PER,BKK,Bangkok,Thailand,Southeast Asia,2026-09-01,2026-09-22,AUD,465.0,AK,1,1,465,460,5,au,ok_flex
2026-08-07,PER,CGK,Jakarta,Indonesia,Southeast Asia,2026-09-26,2026-10-04,AUD,828.0,OD,1,1,490,420,1,au,ok_flex
2026-08-07,PER,DPS,Denpasar,Indonesia,Southeast Asia,2026-09-15,2026-09-20,AUD,472.0,JQ,0,1,220,475,17,au,ok_flex
2026-08-07,PER,SGN,Ho Chi Minh City,Vietnam,Southeast Asia,2026-09-23,2026-10-05,AUD,718.0,TR,2,1,510,435,5,au,ok_flex
2026-08-07,PER,HAN,Hanoi,Vietnam,Southeast Asia,2026-09-06,2026-09-13,AUD,,,,,,,,,no_data
2026-08-07,PER,MNL,Manila,Philippines,Southeast Asia,2026-09-25,2026-10-03,AUD,622.0,AK,1,1,585,525,2,au,ok_flex
2026-08-07,PER,HKG,Hong Kong,Hong Kong,East Asia,2026-09-25,2026-10-04,AUD,849.0,AK,1,1,575,550,2,au,ok_flex
2026-08-07,PER,TPE,Taipei,Taiwan,East Asia,2026-09-07,2026-09-14,AUD,537.0,TR,1,1,605,575,1,au,ok_flex
2026-08-07,PER,ICN,Seoul,South Korea,East Asia,2026-09-06,2026-09-13,AUD,,,,,,,,,no_data
2026-08-07,PER,NRT,Tokyo,Japan,East Asia,2026-09-04,2026-09-18,AUD,1158.0,TR,2,2,825,800,1,au,ok_flex
2026-08-07,PER,KIX,Osaka,Japan,East Asia,2026-09-04,2026-09-18,AUD,1043.0,TR,2,1,825,705,1,au,ok_flex
2026-08-07,PER,PVG,Shanghai,China,East Asia,2026-09-06,2026-09-13,AUD,,,,,,,,,no_data
2026-08-07,PER,PEK,Beijing,China,East Asia,2026-09-01,2026-09-22,AUD,1028.0,SQ,1,1,700,680,2,au,ok_flex
2026-08-07,PER,CAN,Guangzhou,China,East Asia,2026-09-08,2026-10-08,AUD,796.0,AK,1,1,590,555,1,au,ok_flex
2026-08-07,PER,DEL,Delhi,India,South Asia,2026-09-06,2026-09-13,AUD,,,,,,,,,no_data
2026-08-07,PER,BOM,Mumbai,India,South Asia,2026-09-06,2026-09-13,AUD,,,,,,,,,no_data
2026-08-07,PER,CMB,Colombo,Sri Lanka,South Asia,2026-09-25,2026-10-04,AUD,1068.0,AK,1,3,545,690,2,au,ok_flex
2026-08-07,PER,DXB,Dubai,United Arab Emirates,Middle East,2026-09-06,2026-09-13,AUD,,,,,,,,,no_data
2026-08-07,PER,DOH,Doha,Qatar,Middle East,2026-09-06,2026-09-13,AUD,,,,,,,,,no_data
2026-08-07,PER,AUH,Abu Dhabi,United Arab Emirates,Middle East,2026-09-06,2026-09-13,AUD,,,,,,,,,no_data
2026-08-07,PER,LHR,London,United Kingdom,Europe,2026-09-30,2026-10-31,AUD,1650.0,CX,1,1,1330,1190,1,au,ok_flex
2026-08-07,PER,CDG,Paris,France,Europe,2026-09-06,2026-09-13,AUD,,,,,,,,,no_data
2026-08-07,PER,FRA,Frankfurt,Germany,Europe,2026-09-06,2026-09-13,AUD,,,,,,,,,no_data
2026-08-07,PER,AMS,Amsterdam,Netherlands,Europe,2026-09-06,2026-09-13,AUD,,,,,,,,,no_data
2026-08-07,PER,FCO,Rome,Italy,Europe,2026-09-06,2026-09-13,AUD,,,,,,,,,no_data
2026-08-07,PER,MAD,Madrid,Spain,Europe,2026-09-06,2026-09-13,AUD,,,,,,,,,no_data
2026-08-07,PER,IST,Istanbul,Turkey,Europe,2026-09-06,2026-09-13,AUD,,,,,,,,,no_data
2026-08-07,PER,ZRH,Zurich,Switzerland,Europe,2026-09-06,2026-09-13,AUD,,,,,,,,,no_data
2026-08-07,PER,JNB,Johannesburg,South Africa,Africa,2026-09-06,2026-09-13,AUD,,,,,,,,,no_data
2026-08-07,PER,CAI,Cairo,Egypt,Africa,2026-09-06,2026-09-13,AUD,,,,,,,,,no_data
2026-08-07,PER,JFK,New York,United States,Americas,2026-09-06,2026-09-13,AUD,,,,,,,,,no_data
2026-08-07,PER,LAX,Los Angeles,United States,Americas,2026-09-06,2026-09-13,AUD,,,,,,,,,no_data
2026-08-07,PER,SFO,San Francisco,United States,Americas,2026-09-06,2026-09-13,AUD,,,,,,,,,no_data
2026-08-07,PER,YVR,Vancouver,Canada,Americas,2026-09-06,2026-09-13,AUD,,,,,,,,,no_data
2026-08-07,PER,YYZ,Toronto,Canada,Americas,2026-09-06,2026-09-13,AUD,,,,,,,,,no_data
2026-08-08,PER,SYD,Sydney,Australia,Australia & NZ,2026-09-02,2026-09-08,AUD,516.0,JQ,0,0,245,305,1,au,ok_flex
2026-08-08,PER,MEL,Melbourne,Australia,Australia & NZ,2026-09-07,2026-09-14,AUD,,,,,,,,,no_data
2026-08-08,PER,BNE,Brisbane,Australia,Australia & NZ,2026-09-07,2026-09-14,AUD,,,,,,,,,no_data
2026-08-08,PER,ADL,Adelaide,Australia,Australia & NZ,2026-09-26,2026-10-05,AUD,415.0,JQ,0,0,190,205,1,au,ok_flex
2026-08-08,PER,AKL,Auckland,New Zealand,Australia & NZ,2026-09-07,2026-09-14,AUD,,,,,,,,,no_data
2026-08-08,PER,CHC,Christchurch,New Zealand,Australia & NZ,2026-09-07,2026-09-14,AUD,,,,,,,,,no_data
2026-08-08,PER,SIN,Singapore,Singapore,Southeast Asia,2026-09-01,2026-09-23,AUD,403.0,TR,0,0,320,310,7,au,ok_flex
2026-08-08,PER,KUL,Kuala Lumpur,Malaysia,Southeast Asia,2026-09-01,2026-09-05,AUD,422.0,TR,1,0,405,345,4,au,ok_flex
2026-08-08,PER,BKK,Bangkok,Thailand,Southeast Asia,2026-09-01,2026-09-22,AUD,465.0,AK,1,1,465,460,4,au,ok_flex
2026-08-08,PER,CGK,Jakarta,Indonesia,Southeast Asia,2026-09-07,2026-09-14,AUD,,,,,,,,,no_data
2026-08-08,PER,DPS,Denpasar,Indonesia,Southeast Asia,2026-09-15,2026-09-20,AUD,472.0,JQ,0,1,220,475,15,au,ok_flex
2026-08-08,PER,SGN,Ho Chi Minh City,Vietnam,Southeast Asia,2026-09-24,2026-10-04,AUD,540.0,AK,1,1,455,435,4,au,ok_flex
2026-08-08,PER,HAN,Hanoi,Vietnam,Southeast Asia,2026-09-07,2026-09-14,AUD,,,,,,,,,no_data
2026-08-08,PER,MNL,Manila,Philippines,Southeast Asia,2026-09-25,2026-10-03,AUD,622.0,AK,1,1,585,525,2,au,ok_flex
2026-08-08,PER,HKG,Hong Kong,Hong Kong,East Asia,2026-09-07,2026-09-14,AUD,,,,,,,,,no_data
2026-08-08,PER,TPE,Taipei,Taiwan,East Asia,2026-09-07,2026-09-14,AUD,537.0,TR,1,1,605,575,17,default,ok
2026-08-08,PER,ICN,Seoul,South Korea,East Asia,2026-09-07,2026-09-14,AUD,,,,,,,,,no_data
2026-08-08,PER,NRT,Tokyo,Japan,East Asia,2026-09-04,2026-09-18,AUD,1158.0,TR,2,2,825,800,1,au,ok_flex
2026-08-08,PER,KIX,Osaka,Japan,East Asia,2026-09-04,2026-09-18,AUD,1043.0,TR,2,1,825,705,1,au,ok_flex
2026-08-08,PER,PVG,Shanghai,China,East Asia,2026-09-07,2026-09-14,AUD,,,,,,,,,no_data
2026-08-08,PER,PEK,Beijing,China,East Asia,2026-09-01,2026-09-22,AUD,1028.0,SQ,1,1,700,680,2,au,ok_flex
2026-08-08,PER,CAN,Guangzhou,China,East Asia,2026-09-08,2026-10-08,AUD,796.0,AK,1,1,590,555,1,au,ok_flex
2026-08-08,PER,DEL,Delhi,India,South Asia,2026-09-07,2026-09-14,AUD,,,,,,,,,no_data
2026-08-08,PER,BOM,Mumbai,India,South Asia,2026-09-07,2026-09-14,AUD,,,,,,,,,no_data
2026-08-08,PER,CMB,Colombo,Sri Lanka,South Asia,2026-09-07,2026-09-14,AUD,,,,,,,,,no_data
2026-08-08,PER,DXB,Dubai,United Arab Emirates,Middle East,2026-09-07,2026-09-14,AUD,,,,,,,,,no_data
2026-08-08,PER,DOH,Doha,Qatar,Middle East,2026-09-07,2026-09-14,AUD,,,,,,,,,no_data
2026-08-08,PER,AUH,Abu Dhabi,United Arab Emirates,Middle East,2026-09-07,2026-09-14,AUD,,,,,,,,,no_data
2026-08-08,PER,LHR,London,United Kingdom,Europe,2026-09-30,2026-10-31,AUD,1650.0,CX,1,1,1330,1190,1,au,ok_flex
2026-08-08,PER,CDG,Paris,France,Europe,2026-09-07,2026-09-14,AUD,,,,,,,,,no_data
2026-08-08,PER,FRA,Frankfurt,Germany,Europe,2026-09-07,2026-09-14,AUD,,,,,,,,,no_data
2026-08-08,PER,AMS,Amsterdam,Netherlands,Europe,2026-09-07,2026-09-14,AUD,,,,,,,,,no_data
2026-08-08,PER,FCO,Rome,Italy,Europe,2026-09-07,2026-09-14,AUD,,,,,,,,,no_data
2026-08-08,PER,MAD,Madrid,Spain,Europe,2026-09-07,2026-09-14,AUD,,,,,,,,,no_data
2026-08-08,PER,IST,Istanbul,Turkey,Europe,2026-09-07,2026-09-14,AUD,,,,,,,,,no_data
2026-08-08,PER,ZRH,Zurich,Switzerland,Europe,2026-09-07,2026-09-14,AUD,,,,,,,,,no_data
2026-08-08,PER,JNB,Johannesburg,South Africa,Africa,2026-09-07,2026-09-14,AUD,,,,,,,,,no_data
2026-08-08,PER,CAI,Cairo,Egypt,Africa,2026-09-07,2026-09-14,AUD,,,,,,,,,no_data
2026-08-08,PER,JFK,New York,United States,Americas,2026-09-07,2026-09-14,AUD,,,,,,,,,no_data
2026-08-08,PER,LAX,Los Angeles,United States,Americas,2026-09-07,2026-09-14,AUD,,,,,,,,,no_data
2026-08-08,PER,SFO,San Francisco,United States,Americas,2026-09-07,2026-09-14,AUD,,,,,,,,,no_data
2026-08-08,PER,YVR,Vancouver,Canada,Americas,2026-09-07,2026-09-14,AUD,,,,,,,,,no_data
2026-08-08,PER,YYZ,Toronto,Canada,Americas,2026-09-07,2026-09-14,AUD,,,,,,,,,no_data
2026-08-09,PER,SYD,Sydney,Australia,Australia & NZ,2026-09-02,2026-09-08,AUD,516.0,JQ,0,0,245,305,1,au,ok_flex
2026-08-09,PER,MEL,Melbourne,Australia,Australia & NZ,2026-09-08,2026-09-15,AUD,,,,,,,,,no_data
2026-08-09,PER,BNE,Brisbane,Australia,Australia & NZ,2026-09-08,2026-09-15,AUD,,,,,,,,,no_data
2026-08-09,PER,ADL,Adelaide,Australia,Australia & NZ,2026-09-26,2026-10-05,AUD,457.0,JQ,0,0,190,205,1,au,ok_flex
2026-08-09,PER,AKL,Auckland,New Zealand,Australia & NZ,2026-09-08,2026-09-15,AUD,,,,,,,,,no_data
2026-08-09,PER,CHC,Christchurch,New Zealand,Australia & NZ,2026-09-08,2026-09-15,AUD,,,,,,,,,no_data
2026-08-09,PER,SIN,Singapore,Singapore,Southeast Asia,2026-09-01,2026-09-23,AUD,403.0,TR,0,0,320,310,5,au,ok_flex
2026-08-09,PER,KUL,Kuala Lumpur,Malaysia,Southeast Asia,2026-09-01,2026-09-05,AUD,422.0,TR,1,0,405,345,4,au,ok_flex
2026-08-09,PER,BKK,Bangkok,Thailand,Southeast Asia,2026-09-01,2026-09-22,AUD,465.0,AK,1,1,465,460,4,au,ok_flex
2026-08-09,PER,CGK,Jakarta,Indonesia,Southeast Asia,2026-09-08,2026-09-15,AUD,,,,,,,,,no_data
2026-08-09,PER,DPS,Denpasar,Indonesia,Southeast Asia,2026-09-15,2026-09-20,AUD,472.0,JQ,0,1,220,475,14,au,ok_flex
2026-08-09,PER,SGN,Ho Chi Minh City,Vietnam,Southeast Asia,2026-09-24,2026-10-04,AUD,540.0,AK,1,1,455,435,4,au,ok_flex
2026-08-09,PER,HAN,Hanoi,Vietnam,Southeast Asia,2026-09-08,2026-09-15,AUD,,,,,,,,,no_data
2026-08-09,PER,MNL,Manila,Philippines,Southeast Asia,2026-09-25,2026-10-03,AUD,622.0,AK,1,1,585,525,2,au,ok_flex
2026-08-09,PER,HKG,Hong Kong,Hong Kong,East Asia,2026-09-08,2026-09-15,AUD,,,,,,,,,no_data
2026-08-09,PER,TPE,Taipei,Taiwan,East Asia,2026-09-07,2026-09-14,AUD,537.0,TR,1,1,605,575,1,au,ok_flex
2026-08-09,PER,ICN,Seoul,South Korea,East Asia,2026-09-08,2026-09-15,AUD,,,,,,,,,no_data
2026-08-09,PER,NRT,Tokyo,Japan,East Asia,2026-09-04,2026-09-18,AUD,1158.0,TR,2,2,825,800,1,au,ok_flex
2026-08-09,PER,KIX,Osaka,Japan,East Asia,2026-09-04,2026-09-18,AUD,1043.0,TR,2,1,825,705,1,au,ok_flex
2026-08-09,PER,PVG,Shanghai,China,East Asia,2026-09-08,2026-09-15,AUD,,,,,,,,,no_data
2026-08-09,PER,PEK,Beijing,China,East Asia,2026-09-01,2026-09-22,AUD,1028.0,SQ,1,1,700,680,2,au,ok_flex
2026-08-09,PER,CAN,Guangzhou,China,East Asia,2026-09-08,2026-09-15,AUD,,,,,,,,,no_data
2026-08-09,PER,DEL,Delhi,India,South Asia,2026-09-08,2026-09-15,AUD,,,,,,,,,no_data
2026-08-09,PER,BOM,Mumbai,India,South Asia,2026-09-08,2026-09-15,AUD,,,,,,,,,no_data
2026-08-09,PER,CMB,Colombo,Sri Lanka,South Asia,2026-09-08,2026-09-15,AUD,,,,,,,,,no_data
2026-08-09,PER,DXB,Dubai,United Arab Emirates,Middle East,2026-09-26,2026-10-04,AUD,1420.0,AK,3,3,870,970,1,au,ok_flex
2026-08-09,PER,DOH,Doha,Qatar,Middle East,2026-09-26,2026-10-04,AUD,1268.0,AK,4,3,910,925,1,au,ok_flex
2026-08-09,PER,AUH,Abu Dhabi,United Arab Emirates,Middle East,2026-09-26,2026-10-04,AUD,1208.0,AK,3,2,910,845,1,au,ok_flex
2026-08-09,PER,LHR,London,United Kingdom,Europe,2026-09-30,2026-10-31,AUD,1650.0,CX,1,1,1330,1190,1,au,ok_flex
2026-08-09,PER,CDG,Paris,France,Europe,2026-09-08,2026-09-15,AUD,,,,,,,,,no_data
2026-08-09,PER,FRA,Frankfurt,Germany,Europe,2026-09-08,2026-09-15,AUD,,,,,,,,,no_data
2026-08-09,PER,AMS,Amsterdam,Netherlands,Europe,2026-09-08,2026-09-15,AUD,,,,,,,,,no_data
2026-08-09,PER,FCO,Rome,Italy,Europe,2026-09-08,2026-09-15,AUD,,,,,,,,,no_data
2026-08-09,PER,MAD,Madrid,Spain,Europe,2026-09-08,2026-09-15,AUD,,,,,,,,,no_data
2026-08-09,PER,IST,Istanbul,Turkey,Europe,2026-09-08,2026-09-15,AUD,,,,,,,,,no_data
2026-08-09,PER,ZRH,Zurich,Switzerland,Europe,2026-09-08,2026-09-15,AUD,,,,,,,,,no_data
2026-08-09,PER,JNB,Johannesburg,South Africa,Africa,2026-09-08,2026-09-15,AUD,,,,,,,,,no_data
2026-08-09,PER,CAI,Cairo,Egypt,Africa,2026-09-26,2026-10-04,AUD,1582.0,AK,3,4,1080,1165,1,au,ok_flex
2026-08-09,PER,JFK,New York,United States,Americas,2026-09-08,2026-09-15,AUD,,,,,,,,,no_data
2026-08-09,PER,LAX,Los Angeles,United States,Americas,2026-09-08,2026-09-15,AUD,,,,,,,,,no_data
2026-08-09,PER,SFO,San Francisco,United States,Americas,2026-09-08,2026-09-15,AUD,,,,,,,,,no_data
2026-08-09,PER,YVR,Vancouver,Canada,Americas,2026-09-08,2026-09-15,AUD,,,,,,,,,no_data
2026-08-09,PER,YYZ,Toronto,Canada,Americas,2026-09-08,2026-09-15,AUD,,,,,,,,,no_data
2026-08-10,PER,SYD,Sydney,Australia,Australia & NZ,2026-09-02,2026-09-08,AUD,516.0,JQ,0,0,245,305,1,au,ok_flex
2026-08-10,PER,MEL,Melbourne,Australia,Australia & NZ,2026-09-09,2026-09-16,AUD,,,,,,,,,no_data
2026-08-10,PER,BNE,Brisbane,Australia,Australia & NZ,2026-09-09,2026-09-16,AUD,,,,,,,,,no_data
2026-08-10,PER,ADL,Adelaide,Australia,Australia & NZ,2026-09-26,2026-10-05,AUD,457.0,JQ,0,0,190,205,1,au,ok_flex
2026-08-10,PER,AKL,Auckland,New Zealand,Australia & NZ,2026-09-09,2026-09-16,AUD,,,,,,,,,no_data
2026-08-10,PER,CHC,Christchurch,New Zealand,Australia & NZ,2026-09-09,2026-09-16,AUD,,,,,,,,,no_data
2026-08-10,PER,SIN,Singapore,Singapore,Southeast Asia,2026-09-01,2026-09-23,AUD,403.0,TR,0,0,320,310,5,au,ok_flex
2026-08-10,PER,KUL,Kuala Lumpur,Malaysia,Southeast Asia,2026-09-01,2026-09-05,AUD,422.0,TR,1,0,405,345,4,au,ok_flex
2026-08-10,PER,BKK,Bangkok,Thailand,Southeast Asia,2026-09-01,2026-09-22,AUD,465.0,AK,1,1,465,460,3,au,ok_flex
2026-08-10,PER,CGK,Jakarta,Indonesia,Southeast Asia,2026-09-09,2026-09-16,AUD,,,,,,,,,no_data
2026-08-10,PER,DPS,Denpasar,Indonesia,Southeast Asia,2026-09-15,2026-09-20,AUD,472.0,JQ,0,1,220,475,12,au,ok_flex
2026-08-10,PER,SGN,Ho Chi Minh City,Vietnam,Southeast Asia,2026-09-24,2026-10-04,AUD,540.0,AK,1,1,455,435,3,au,ok_flex
2026-08-10,PER,HAN,Hanoi,Vietnam,Southeast Asia,2026-09-09,2026-09-16,AUD,,,,,,,,,no_data
2026-08-10,PER,MNL,Manila,Philippines,Southeast Asia,2026-09-09,2026-09-16,AUD,,,,,,,,,no_data
2026-08-10,PER,HKG,Hong Kong,Hong Kong,East Asia,2026-09-09,2026-09-16,AUD,,,,,,,,,no_data
2026-08-10,PER,TPE,Taipei,Taiwan,East Asia,2026-09-07,2026-09-14,AUD,537.0,TR,1,1,605,575,1,au,ok_flex
2026-08-10,PER,ICN,Seoul,South Korea,East Asia,2026-09-09,2026-09-16,AUD,,,,,,,,,no_data
2026-08-10,PER,NRT,Tokyo,Japan,East Asia,2026-09-04,2026-09-18,AUD,1158.0,TR,2,2,825,800,1,au,ok_flex
2026-08-10,PER,KIX,Osaka,Japan,East Asia,2026-09-04,2026-09-18,AUD,1043.0,TR,2,1,825,705,1,au,ok_flex
2026-08-10,PER,PVG,Shanghai,China,East Asia,2026-09-09,2026-09-16,AUD,,,,,,,,,no_data
2026-08-10,PER,PEK,Beijing,China,East Asia,2026-09-01,2026-09-22,AUD,1028.0,SQ,1,1,700,680,2,au,ok_flex
2026-08-10,PER,CAN,Guangzhou,China,East Asia,2026-09-09,2026-09-16,AUD,,,,,,,,,no_data
2026-08-10,PER,DEL,Delhi,India,South Asia,2026-09-09,2026-09-16,AUD,,,,,,,,,no_data
2026-08-10,PER,BOM,Mumbai,India,South Asia,2026-09-09,2026-09-16,AUD,,,,,,,,,no_data
2026-08-10,PER,CMB,Colombo,Sri Lanka,South Asia,2026-09-09,2026-09-16,AUD,,,,,,,,,no_data
2026-08-10,PER,DXB,Dubai,United Arab Emirates,Middle East,2026-09-26,2026-10-04,AUD,1420.0,AK,3,3,870,970,1,au,ok_flex
2026-08-10,PER,DOH,Doha,Qatar,Middle East,2026-09-26,2026-10-04,AUD,1268.0,AK,4,3,910,925,1,au,ok_flex
2026-08-10,PER,AUH,Abu Dhabi,United Arab Emirates,Middle East,2026-09-26,2026-10-04,AUD,1208.0,AK,3,2,910,845,1,au,ok_flex
2026-08-10,PER,LHR,London,United Kingdom,Europe,2026-09-30,2026-10-31,AUD,1650.0,CX,1,1,1330,1190,1,au,ok_flex
2026-08-10,PER,CDG,Paris,France,Europe,2026-09-09,2026-09-16,AUD,,,,,,,,,no_data
2026-08-10,PER,FRA,Frankfurt,Germany,Europe,2026-09-10,2026-09-22,AUD,1360.0,VJ,3,3,1480,1190,2,au,ok_flex
2026-08-10,PER,AMS,Amsterdam,Netherlands,Europe,2026-09-09,2026-09-16,AUD,,,,,,,,,no_data
2026-08-10,PER,FCO,Rome,Italy,Europe,2026-09-09,2026-09-16,AUD,,,,,,,,,no_data
2026-08-10,PER,MAD,Madrid,Spain,Europe,2026-09-09,2026-09-16,AUD,,,,,,,,,no_data
2026-08-10,PER,IST,Istanbul,Turkey,Europe,2026-09-09,2026-09-16,AUD,,,,,,,,,no_data
2026-08-10,PER,ZRH,Zurich,Switzerland,Europe,2026-09-09,2026-09-16,AUD,,,,,,,,,no_data
2026-08-10,PER,JNB,Johannesburg,South Africa,Africa,2026-09-09,2026-09-16,AUD,,,,,,,,,no_data
2026-08-10,PER,CAI,Cairo,Egypt,Africa,2026-09-26,2026-10-04,AUD,1582.0,AK,3,4,1080,1165,1,au,ok_flex
2026-08-10,PER,JFK,New York,United States,Americas,2026-09-09,2026-09-16,AUD,,,,,,,,,no_data
2026-08-10,PER,LAX,Los Angeles,United States,Americas,2026-09-09,2026-09-16,AUD,,,,,,,,,no_data
2026-08-10,PER,SFO,San Francisco,United States,Americas,2026-09-09,2026-09-16,AUD,,,,,,,,,no_data
2026-08-10,PER,YVR,Vancouver,Canada,Americas,2026-09-09,2026-09-16,AUD,,,,,,,,,no_data
2026-08-10,PER,YYZ,Toronto,Canada,Americas,2026-09-09,2026-09-16,AUD,,,,,,,,,no_data
2026-08-11,PER,SYD,Sydney,Australia,Australia & NZ,2026-09-02,2026-09-08,AUD,516.0,JQ,0,0,245,305,2,au,ok_flex
2026-08-11,PER,MEL,Melbourne,Australia,Australia & NZ,2026-09-10,2026-09-17,AUD,,,,,,,,,no_data
2026-08-11,PER,BNE,Brisbane,Australia,Australia & NZ,2026-09-10,2026-09-17,AUD,,,,,,,,,no_data
2026-08-11,PER,ADL,Adelaide,Australia,Australia & NZ,2026-09-02,2026-09-06,AUD,394.0,JQ,0,0,170,205,2,au,ok_flex
2026-08-11,PER,AKL,Auckland,New Zealand,Australia & NZ,2026-09-10,2026-09-17,AUD,,,,,,,,,no_data
2026-08-11,PER,CHC,Christchurch,New Zealand,Australia & NZ,2026-09-10,2026-09-17,AUD,,,,,,,,,no_data
2026-08-11,PER,SIN,Singapore,Singapore,Southeast Asia,2026-09-01,2026-09-23,AUD,403.0,TR,0,0,320,310,5,au,ok_flex
2026-08-11,PER,KUL,Kuala Lumpur,Malaysia,Southeast Asia,2026-09-12,2026-09-15,AUD,411.0,AK,0,1,335,400,5,au,ok_flex
2026-08-11,PER,BKK,Bangkok,Thailand,Southeast Asia,2026-09-01,2026-09-22,AUD,465.0,AK,1,1,465,460,2,au,ok_flex
2026-08-11,PER,CGK,Jakarta,Indonesia,Southeast Asia,2026-09-10,2026-09-17,AUD,,,,,,,,,no_data
2026-08-11,PER,DPS,Denpasar,Indonesia,Southeast Asia,2026-09-07,2026-09-21,AUD,511.0,8B,0,0,225,225,12,au,ok_flex
2026-08-11,PER,SGN,Ho Chi Minh City,Vietnam,Southeast Asia,2026-09-25,2026-10-04,AUD,543.0,AK,1,1,455,435,3,au,ok_flex
2026-08-11,PER,HAN,Hanoi,Vietnam,Southeast Asia,2026-09-10,2026-09-17,AUD,,,,,,,,,no_data
2026-08-11,PER,MNL,Manila,Philippines,Southeast Asia,2026-09-10,2026-09-17,AUD,,,,,,,,,no_data
2026-08-11,PER,HKG,Hong Kong,Hong Kong,East Asia,2026-09-11,2026-09-15,AUD,716.0,AK,1,1,575,575,1,au,ok_flex
2026-08-11,PER,TPE,Taipei,Taiwan,East Asia,2026-09-10,2026-09-17,AUD,,,,,,,,,no_data
2026-08-11,PER,ICN,Seoul,South Korea,East Asia,2026-09-10,2026-09-17,AUD,,,,,,,,,no_data
2026-08-11,PER,NRT,Tokyo,Japan,East Asia,2026-09-04,2026-09-18,AUD,1158.0,TR,2,2,825,800,1,au,ok_flex
2026-08-11,PER,KIX,Osaka,Japan,East Asia,2026-09-04,2026-09-18,AUD,1043.0,TR,2,1,825,705,1,au,ok_flex
2026-08-11,PER,PVG,Shanghai,China,East Asia,2026-09-11,2026-09-15,AUD,793.0,CZ,1,1,620,675,1,au,ok_flex
2026-08-11,PER,PEK,Beijing,China,East Asia,2026-09-01,2026-09-22,AUD,1028.0,SQ,1,1,700,680,3,au,ok_flex
2026-08-11,PER,CAN,Guangzhou,China,East Asia,2026-09-10,2026-09-17,AUD,,,,,,,,,no_data
2026-08-11,PER,DEL,Delhi,India,South Asia,2026-09-10,2026-09-17,AUD,,,,,,,,,no_data
2026-08-11,PER,BOM,Mumbai,India,South Asia,2026-09-10,2026-09-17,AUD,,,,,,,,,no_data
2026-08-11,PER,CMB,Colombo,Sri Lanka,South Asia,2026-09-10,2026-09-17,AUD,,,,,,,,,no_data
2026-08-11,PER,DXB,Dubai,United Arab Emirates,Middle East,2026-09-26,2026-10-04,AUD,1420.0,AK,3,3,870,970,1,au,ok_flex
2026-08-11,PER,DOH,Doha,Qatar,Middle East,2026-09-26,2026-10-04,AUD,1268.0,AK,4,3,910,925,1,au,ok_flex
2026-08-11,PER,AUH,Abu Dhabi,United Arab Emirates,Middle East,2026-09-26,2026-10-04,AUD,1208.0,AK,3,2,910,845,1,au,ok_flex
2026-08-11,PER,LHR,London,United Kingdom,Europe,2026-09-10,2026-09-17,AUD,,,,,,,,,no_data
2026-08-11,PER,CDG,Paris,France,Europe,2026-09-10,2026-09-17,AUD,,,,,,,,,no_data
2026-08-11,PER,FRA,Frankfurt,Germany,Europe,2026-09-10,2026-09-22,AUD,1361.0,VJ,3,3,1480,1190,2,au,ok_flex
2026-08-11,PER,AMS,Amsterdam,Netherlands,Europe,2026-09-10,2026-09-17,AUD,,,,,,,,,no_data
2026-08-11,PER,FCO,Rome,Italy,Europe,2026-09-10,2026-09-17,AUD,,,,,,,,,no_data
2026-08-11,PER,MAD,Madrid,Spain,Europe,2026-09-10,2026-09-17,AUD,,,,,,,,,no_data
2026-08-11,PER,IST,Istanbul,Turkey,Europe,2026-09-10,2026-09-17,AUD,,,,,,,,,no_data
2026-08-11,PER,ZRH,Zurich,Switzerland,Europe,2026-09-10,2026-09-17,AUD,,,,,,,,,no_data
2026-08-11,PER,JNB,Johannesburg,South Africa,Africa,2026-09-10,2026-09-17,AUD,,,,,,,,,no_data
2026-08-11,PER,CAI,Cairo,Egypt,Africa,2026-09-26,2026-10-04,AUD,1582.0,AK,3,4,1080,1165,1,au,ok_flex
2026-08-11,PER,JFK,New York,United States,Americas,2026-09-10,2026-09-17,AUD,,,,,,,,,no_data
2026-08-11,PER,LAX,Los Angeles,United States,Americas,2026-09-10,2026-09-17,AUD,,,,,,,,,no_data
2026-08-11,PER,SFO,San Francisco,United States,Americas,2026-09-10,2026-09-17,AUD,,,,,,,,,no_data
2026-08-11,PER,YVR,Vancouver,Canada,Americas,2026-09-10,2026-09-17,AUD,,,,,,,,,no_data
2026-08-11,PER,YYZ,Toronto,Canada,Americas,2026-09-10,2026-09-17,AUD,,,,,,,,,no_data
2026-08-12,PER,SYD,Sydney,Australia,Australia & NZ,2026-09-02,2026-09-08,AUD,516.0,JQ,0,0,245,305,2,au,ok_flex
2026-08-12,PER,MEL,Melbourne,Australia,Australia & NZ,2026-09-11,2026-09-18,AUD,,,,,,,,,no_data
2026-08-12,PER,BNE,Brisbane,Australia,Australia & NZ,2026-09-11,2026-09-18,AUD,,,,,,,,,no_data
2026-08-12,PER,ADL,Adelaide,Australia,Australia & NZ,2026-09-02,2026-09-06,AUD,394.0,JQ,0,0,170,205,2,au,ok_flex
2026-08-12,PER,AKL,Auckland,New Zealand,Australia & NZ,2026-09-11,2026-09-18,AUD,,,,,,,,,no_data
2026-08-12,PER,CHC,Christchurch,New Zealand,Australia & NZ,2026-09-11,2026-09-18,AUD,,,,,,,,,no_data
2026-08-12,PER,SIN,Singapore,Singapore,Southeast Asia,2026-09-01,2026-09-23,AUD,403.0,TR,0,0,320,310,4,au,ok_flex
2026-08-12,PER,KUL,Kuala Lumpur,Malaysia,Southeast Asia,2026-09-12,2026-09-15,AUD,411.0,AK,0,1,335,400,9,au,ok_flex
2026-08-12,PER,BKK,Bangkok,Thailand,Southeast Asia,2026-09-01,2026-09-22,AUD,465.0,AK,1,1,465,460,2,au,ok_flex
2026-08-12,PER,CGK,Jakarta,Indonesia,Southeast Asia,2026-09-11,2026-09-18,AUD,,,,,,,,,no_data
2026-08-12,PER,DPS,Denpasar,Indonesia,Southeast Asia,2026-09-07,2026-09-21,AUD,511.0,8B,0,0,225,225,11,au,ok_flex
2026-08-12,PER,SGN,Ho Chi Minh City,Vietnam,Southeast Asia,2026-09-24,2026-10-04,AUD,571.0,AK,1,1,455,435,3,au,ok_flex
2026-08-12,PER,HAN,Hanoi,Vietnam,Southeast Asia,2026-09-11,2026-09-18,AUD,,,,,,,,,no_data
2026-08-12,PER,MNL,Manila,Philippines,Southeast Asia,2026-09-11,2026-09-18,AUD,,,,,,,,,no_data
2026-08-12,PER,HKG,Hong Kong,Hong Kong,East Asia,2026-09-11,2026-09-15,AUD,716.0,AK,1,1,575,575,1,au,ok_flex
2026-08-12,PER,TPE,Taipei,Taiwan,East Asia,2026-09-11,2026-09-18,AUD,,,,,,,,,no_data
2026-08-12,PER,ICN,Seoul,South Korea,East Asia,2026-09-11,2026-09-18,AUD,,,,,,,,,no_data
2026-08-12,PER,NRT,Tokyo,Japan,East Asia,2026-09-04,2026-09-18,AUD,1158.0,TR,2,2,825,800,1,au,ok_flex
2026-08-12,PER,KIX,Osaka,Japan,East Asia,2026-09-04,2026-09-18,AUD,1043.0,TR,2,1,825,705,1,au,ok_flex
2026-08-12,PER,PVG,Shanghai,China,East Asia,2026-09-11,2026-09-15,AUD,793.0,CZ,1,1,620,675,1,au,ok_flex
2026-08-12,PER,PEK,Beijing,China,East Asia,2026-09-01,2026-09-22,AUD,1028.0,SQ,1,1,700,680,3,au,ok_flex
2026-08-12,PER,CAN,Guangzhou,China,East Asia,2026-09-11,2026-09-18,AUD,,,,,,,,,no_data
2026-08-12,PER,DEL,Delhi,India,South Asia,2026-09-11,2026-09-18,AUD,,,,,,,,,no_data
2026-08-12,PER,BOM,Mumbai,India,South Asia,2026-09-11,2026-09-18,AUD,,,,,,,,,no_data
2026-08-12,PER,CMB,Colombo,Sri Lanka,South Asia,2026-09-11,2026-09-18,AUD,,,,,,,,,no_data
2026-08-12,PER,DXB,Dubai,United Arab Emirates,Middle East,2026-09-26,2026-10-04,AUD,1420.0,AK,3,3,870,970,1,au,ok_flex
2026-08-12,PER,DOH,Doha,Qatar,Middle East,2026-09-26,2026-10-04,AUD,1268.0,AK,4,3,910,925,1,au,ok_flex
2026-08-12,PER,AUH,Abu Dhabi,United Arab Emirates,Middle East,2026-09-26,2026-10-04,AUD,1208.0,AK,3,2,910,845,1,au,ok_flex
2026-08-12,PER,LHR,London,United Kingdom,Europe,2026-09-11,2026-09-18,AUD,,,,,,,,,no_data
2026-08-12,PER,CDG,Paris,France,Europe,2026-09-11,2026-09-18,AUD,,,,,,,,,no_data
2026-08-12,PER,FRA,Frankfurt,Germany,Europe,2026-09-10,2026-09-22,AUD,1361.0,VJ,3,3,1480,1190,2,au,ok_flex
2026-08-12,PER,AMS,Amsterdam,Netherlands,Europe,2026-09-11,2026-09-18,AUD,,,,,,,,,no_data
2026-08-12,PER,FCO,Rome,Italy,Europe,2026-09-11,2026-09-18,AUD,,,,,,,,,no_data
2026-08-12,PER,MAD,Madrid,Spain,Europe,2026-09-11,2026-09-18,AUD,,,,,,,,,no_data
2026-08-12,PER,IST,Istanbul,Turkey,Europe,2026-09-11,2026-09-18,AUD,,,,,,,,,no_data
2026-08-12,PER,ZRH,Zurich,Switzerland,Europe,2026-09-11,2026-09-18,AUD,,,,,,,,,no_data
2026-08-12,PER,JNB,Johannesburg,South Africa,Africa,2026-09-11,2026-09-18,AUD,,,,,,,,,no_data
2026-08-12,PER,CAI,Cairo,Egypt,Africa,2026-09-26,2026-10-04,AUD,1582.0,AK,3,4,1080,1165,1,au,ok_flex
2026-08-12,PER,JFK,New York,United States,Americas,2026-09-11,2026-09-18,AUD,,,,,,,,,no_data
2026-08-12,PER,LAX,Los Angeles,United States,Americas,2026-09-11,2026-09-18,AUD,,,,,,,,,no_data
2026-08-12,PER,SFO,San Francisco,United States,Americas,2026-09-11,2026-09-18,AUD,,,,,,,,,no_data
2026-08-12,PER,YVR,Vancouver,Canada,Americas,2026-09-11,2026-09-18,AUD,,,,,,,,,no_data
2026-08-12,PER,YYZ,Toronto,Canada,Americas,2026-09-11,2026-09-18,AUD,,,,,,,,,no_data
2026-08-13,PER,SYD,Sydney,Australia,Australia & NZ,2026-09-09,2026-09-16,AUD,524.0,JQ,0,0,260,305,2,au,ok_flex
2026-08-13,PER,MEL,Melbourne,Australia,Australia & NZ,2026-09-08,2026-09-15,AUD,519.0,JQ,0,0,215,250,2,au,ok_flex
2026-08-13,PER,BNE,Brisbane,Australia,Australia & NZ,2026-09-12,2026-09-19,AUD,,,,,,,,,no_data
2026-08-13,PER,ADL,Adelaide,Australia,Australia & NZ,2026-09-02,2026-09-06,AUD,394.0,JQ,0,0,170,205,2,au,ok_flex
2026-08-13,PER,AKL,Auckland,New Zealand,Australia & NZ,2026-09-12,2026-09-19,AUD,,,,,,,,,no_data
2026-08-13,PER,CHC,Christchurch,New Zealand,Australia & NZ,2026-09-12,2026-09-19,AUD,,,,,,,,,no_data
2026-08-13,PER,SIN,Singapore,Singapore,Southeast Asia,2026-09-18,2026-09-21,AUD,432.0,AK,1,0,400,310,2,au,ok_flex
2026-08-13,PER,KUL,Kuala Lumpur,Malaysia,Southeast Asia,2026-09-12,2026-09-15,AUD,411.0,AK,0,1,335,400,9,au,ok_flex
2026-08-13,PER,BKK,Bangkok,Thailand,Southeast Asia,2026-09-01,2026-09-05,AUD,485.0,TR,1,1,475,460,2,au,ok_flex
2026-08-13,PER,CGK,Jakarta,Indonesia,Southeast Asia,2026-09-12,2026-09-19,AUD,,,,,,,,,no_data
2026-08-13,PER,DPS,Denpasar,Indonesia,Southeast Asia,2026-09-07,2026-09-21,AUD,511.0,8B,0,0,225,225,11,au,ok_flex
2026-08-13,PER,SGN,Ho Chi Minh City,Vietnam,Southeast Asia,2026-09-24,2026-10-04,AUD,571.0,AK,1,1,455,435,3,au,ok_flex
2026-08-13,PER,HAN,Hanoi,Vietnam,Southeast Asia,2026-09-12,2026-09-19,AUD,,,,,,,,,no_data
2026-08-13,PER,MNL,Manila,Philippines,Southeast Asia,2026-09-12,2026-09-19,AUD,,,,,,,,,no_data
2026-08-13,PER,HKG,Hong Kong,Hong Kong,East Asia,2026-09-11,2026-09-15,AUD,716.0,AK,1,1,575,575,1,au,ok_flex
2026-08-13,PER,TPE,Taipei,Taiwan,East Asia,2026-09-12,2026-09-19,AUD,,,,,,,,,no_data
2026-08-13,PER,ICN,Seoul,South Korea,East Asia,2026-09-12,2026-09-19,AUD,,,,,,,,,no_data
2026-08-13,PER,NRT,Tokyo,Japan,East Asia,2026-09-12,2026-09-19,AUD,,,,,,,,,no_data
2026-08-13,PER,KIX,Osaka,Japan,East Asia,2026-09-12,2026-09-19,AUD,,,,,,,,,no_data
2026-08-13,PER,PVG,Shanghai,China,East Asia,2026-09-11,2026-09-15,AUD,793.0,CZ,1,1,620,675,1,au,ok_flex
2026-08-13,PER,PEK,Beijing,China,East Asia,2026-09-05,2026-09-27,AUD,1194.0,PR,1,1,725,745,2,au,ok_flex
2026-08-13,PER,CAN,Guangzhou,China,East Asia,2026-09-12,2026-09-19,AUD,,,,,,,,,no_data
2026-08-13,PER,DEL,Delhi,India,South Asia,2026-09-12,2026-09-19,AUD,,,,,,,,,no_data
2026-08-13,PER,BOM,Mumbai,India,South Asia,2026-09-12,2026-09-19,AUD,,,,,,,,,no_data
2026-08-13,PER,CMB,Colombo,Sri Lanka,South Asia,2026-09-12,2026-09-19,AUD,,,,,,,,,no_data
2026-08-13,PER,DXB,Dubai,United Arab Emirates,Middle East,2026-09-26,2026-10-04,AUD,1420.0,AK,3,3,870,970,1,au,ok_flex
2026-08-13,PER,DOH,Doha,Qatar,Middle East,2026-09-26,2026-10-04,AUD,1268.0,AK,4,3,910,925,1,au,ok_flex
2026-08-13,PER,AUH,Abu Dhabi,United Arab Emirates,Middle East,2026-09-26,2026-10-04,AUD,1208.0,AK,3,2,910,845,1,au,ok_flex
2026-08-13,PER,LHR,London,United Kingdom,Europe,2026-09-18,2026-10-04,AUD,1933.0,TR,2,2,1220,1215,1,au,ok_flex
2026-08-13,PER,CDG,Paris,France,Europe,2026-09-12,2026-09-19,AUD,,,,,,,,,no_data
2026-08-13,PER,FRA,Frankfurt,Germany,Europe,2026-09-10,2026-09-22,AUD,1361.0,VJ,3,3,1480,1190,2,au,ok_flex
2026-08-13,PER,AMS,Amsterdam,Netherlands,Europe,2026-09-12,2026-09-19,AUD,,,,,,,,,no_data
2026-08-13,PER,FCO,Rome,Italy,Europe,2026-09-12,2026-09-19,AUD,,,,,,,,,no_data
2026-08-13,PER,MAD,Madrid,Spain,Europe,2026-09-12,2026-09-19,AUD,,,,,,,,,no_data
2026-08-13,PER,IST,Istanbul,Turkey,Europe,2026-09-12,2026-09-19,AUD,,,,,,,,,no_data
2026-08-13,PER,ZRH,Zurich,Switzerland,Europe,2026-09-12,2026-09-19,AUD,,,,,,,,,no_data
2026-08-13,PER,JNB,Johannesburg,South Africa,Africa,2026-09-12,2026-09-19,AUD,,,,,,,,,no_data
2026-08-13,PER,CAI,Cairo,Egypt,Africa,2026-09-26,2026-10-04,AUD,1582.0,AK,3,4,1080,1165,1,au,ok_flex
2026-08-13,PER,JFK,New York,United States,Americas,2026-09-12,2026-09-19,AUD,,,,,,,,,no_data
2026-08-13,PER,LAX,Los Angeles,United States,Americas,2026-09-12,2026-09-19,AUD,,,,,,,,,no_data
2026-08-13,PER,SFO,San Francisco,United States,Americas,2026-09-12,2026-09-19,AUD,,,,,,,,,no_data
2026-08-13,PER,YVR,Vancouver,Canada,Americas,2026-09-12,2026-09-19,AUD,,,,,,,,,no_data
2026-08-13,PER,YYZ,Toronto,Canada,Americas,2026-09-12,2026-09-19,AUD,,,,,,,,,no_data
2026-08-14,PER,SYD,Sydney,Australia,Australia & NZ,2026-09-09,2026-09-16,AUD,524.0,JQ,0,0,260,305,3,au,ok_flex
2026-08-14,PER,MEL,Melbourne,Australia,Australia & NZ,2026-09-08,2026-09-15,AUD,519.0,JQ,0,0,215,250,2,au,ok_flex
2026-08-14,PER,BNE,Brisbane,Australia,Australia & NZ,2026-09-13,2026-09-20,AUD,,,,,,,,,no_data
2026-08-14,PER,ADL,Adelaide,Australia,Australia & NZ,2026-09-02,2026-09-06,AUD,394.0,JQ,0,0,170,205,2,au,ok_flex
2026-08-14,PER,AKL,Auckland,New Zealand,Australia & NZ,2026-09-13,2026-09-20,AUD,,,,,,,,,no_data
2026-08-14,PER,CHC,Christchurch,New Zealand,Australia & NZ,2026-09-13,2026-09-20,AUD,,,,,,,,,no_data
2026-08-14,PER,SIN,Singapore,Singapore,Southeast Asia,2026-09-18,2026-09-21,AUD,432.0,AK,1,0,400,310,3,au,ok_flex
2026-08-14,PER,KUL,Kuala Lumpur,Malaysia,Southeast Asia,2026-09-12,2026-09-15,AUD,411.0,AK,0,1,335,400,8,au,ok_flex
2026-08-14,PER,BKK,Bangkok,Thailand,Southeast Asia,2026-09-01,2026-09-05,AUD,485.0,TR,1,1,475,460,3,au,ok_flex
2026-08-14,PER,CGK,Jakarta,Indonesia,Southeast Asia,2026-09-13,2026-09-20,AUD,,,,,,,,,no_data
2026-08-14,PER,DPS,Denpasar,Indonesia,Southeast Asia,2026-09-13,2026-09-23,AUD,487.0,JQ,0,0,220,225,12,au,ok_flex
2026-08-14,PER,SGN,Ho Chi Minh City,Vietnam,Southeast Asia,2026-09-17,2026-09-26,AUD,571.0,TR,1,1,455,455,4,au,ok_flex
2026-08-14,PER,HAN,Hanoi,Vietnam,Southeast Asia,2026-09-13,2026-09-20,AUD,,,,,,,,,no_data
2026-08-14,PER,MNL,Manila,Philippines,Southeast Asia,2026-09-13,2026-09-20,AUD,,,,,,,,,no_data
2026-08-14,PER,HKG,Hong Kong,Hong Kong,East Asia,2026-09-11,2026-09-15,AUD,716.0,AK,1,1,575,575,1,au,ok_flex
2026-08-14,PER,TPE,Taipei,Taiwan,East Asia,2026-09-13,2026-09-20,AUD,,,,,,,,,no_data
2026-08-14,PER,ICN,Seoul,South Korea,East Asia,2026-09-13,2026-09-20,AUD,,,,,,,,,no_data
2026-08-14,PER,NRT,Tokyo,Japan,East Asia,2026-09-13,2026-09-20,AUD,,,,,,,,,no_data
2026-08-14,PER,KIX,Osaka,Japan,East Asia,2026-09-13,2026-09-20,AUD,,,,,,,,,no_data
2026-08-14,PER,PVG,Shanghai,China,East Asia,2026-09-11,2026-09-15,AUD,793.0,CZ,1,1,620,675,1,au,ok_flex
2026-08-14,PER,PEK,Beijing,China,East Asia,2026-09-05,2026-09-27,AUD,1194.0,PR,1,1,725,745,2,au,ok_flex
2026-08-14,PER,CAN,Guangzhou,China,East Asia,2026-09-13,2026-09-20,AUD,,,,,,,,,no_data
2026-08-14,PER,DEL,Delhi,India,South Asia,2026-09-13,2026-09-20,AUD,,,,,,,,,no_data
2026-08-14,PER,BOM,Mumbai,India,South Asia,2026-09-13,2026-09-20,AUD,,,,,,,,,no_data
2026-08-14,PER,CMB,Colombo,Sri Lanka,South Asia,2026-09-13,2026-09-20,AUD,,,,,,,,,no_data
2026-08-14,PER,DXB,Dubai,United Arab Emirates,Middle East,2026-09-26,2026-10-04,AUD,1420.0,AK,3,3,870,970,1,au,ok_flex
2026-08-14,PER,DOH,Doha,Qatar,Middle East,2026-09-26,2026-10-04,AUD,1268.0,AK,4,3,910,925,1,au,ok_flex
2026-08-14,PER,AUH,Abu Dhabi,United Arab Emirates,Middle East,2026-09-26,2026-10-04,AUD,1208.0,AK,3,2,910,845,1,au,ok_flex
2026-08-14,PER,LHR,London,United Kingdom,Europe,2026-09-18,2026-10-04,AUD,1933.0,TR,2,2,1220,1215,1,au,ok_flex
2026-08-14,PER,CDG,Paris,France,Europe,2026-09-13,2026-09-20,AUD,,,,,,,,,no_data
2026-08-14,PER,FRA,Frankfurt,Germany,Europe,2026-09-10,2026-09-22,AUD,1361.0,VJ,3,3,1480,1190,2,au,ok_flex
2026-08-14,PER,AMS,Amsterdam,Netherlands,Europe,2026-09-13,2026-09-20,AUD,,,,,,,,,no_data
2026-08-14,PER,FCO,Rome,Italy,Europe,2026-09-13,2026-09-20,AUD,,,,,,,,,no_data
2026-08-14,PER,MAD,Madrid,Spain,Europe,2026-09-13,2026-09-20,AUD,,,,,,,,,no_data
2026-08-14,PER,IST,Istanbul,Turkey,Europe,2026-09-13,2026-09-20,AUD,,,,,,,,,no_data
2026-08-14,PER,ZRH,Zurich,Switzerland,Europe,2026-09-13,2026-09-20,AUD,,,,,,,,,no_data
2026-08-14,PER,JNB,Johannesburg,South Africa,Africa,2026-09-13,2026-09-20,AUD,,,,,,,,,no_data
2026-08-14,PER,CAI,Cairo,Egypt,Africa,2026-09-26,2026-10-04,AUD,1582.0,AK,3,4,1080,1165,1,au,ok_flex
2026-08-14,PER,JFK,New York,United States,Americas,2026-09-13,2026-09-20,AUD,,,,,,,,,no_data
2026-08-14,PER,LAX,Los Angeles,United States,Americas,2026-09-13,2026-09-20,AUD,,,,,,,,,no_data
2026-08-14,PER,SFO,San Francisco,United States,Americas,2026-09-13,2026-09-20,AUD,,,,,,,,,no_data
2026-08-14,PER,YVR,Vancouver,Canada,Americas,2026-09-13,2026-09-20,AUD,,,,,,,,,no_data
2026-08-14,PER,YYZ,Toronto,Canada,Americas,2026-09-13,2026-09-20,AUD,,,,,,,,,no_data
2026-08-15,PER,SYD,Sydney,Australia,Australia & NZ,2026-09-09,2026-09-16,AUD,524.0,JQ,0,0,260,305,4,au,ok_flex
2026-08-15,PER,MEL,Melbourne,Australia,Australia & NZ,2026-09-08,2026-09-15,AUD,519.0,JQ,0,0,215,250,3,au,ok_flex
2026-08-15,PER,BNE,Brisbane,Australia,Australia & NZ,2026-09-14,2026-09-21,AUD,,,,,,,,,no_data
2026-08-15,PER,ADL,Adelaide,Australia,Australia & NZ,2026-09-02,2026-09-06,AUD,394.0,JQ,0,0,170,205,2,au,ok_flex
2026-08-15,PER,AKL,Auckland,New Zealand,Australia & NZ,2026-09-01,2026-09-10,AUD,1122.0,JQ,1,0,430,445,1,au,ok_flex
2026-08-15,PER,CHC,Christchurch,New Zealand,Australia & NZ,2026-09-14,2026-09-21,AUD,,,,,,,,,no_data
2026-08-15,PER,SIN,Singapore,Singapore,Southeast Asia,2026-09-10,2026-09-22,AUD,430.0,AK,1,0,400,325,4,au,ok_flex
2026-08-15,PER,KUL,Kuala Lumpur,Malaysia,Southeast Asia,2026-09-12,2026-09-15,AUD,411.0,AK,0,1,335,400,6,au,ok_flex
2026-08-15,PER,BKK,Bangkok,Thailand,Southeast Asia,2026-09-10,2026-09-17,AUD,491.0,AK,1,1,465,460,2,au,ok_flex
2026-08-15,PER,CGK,Jakarta,Indonesia,Southeast Asia,2026-09-14,2026-09-21,AUD,,,,,,,,,no_data
2026-08-15,PER,DPS,Denpasar,Indonesia,Southeast Asia,2026-09-13,2026-09-23,AUD,487.0,JQ,0,0,220,225,10,au,ok_flex
2026-08-15,PER,SGN,Ho Chi Minh City,Vietnam,Southeast Asia,2026-09-17,2026-09-26,AUD,571.0,TR,1,1,455,455,4,au,ok_flex
2026-08-15,PER,HAN,Hanoi,Vietnam,Southeast Asia,2026-09-14,2026-09-21,AUD,,,,,,,,,no_data
2026-08-15,PER,MNL,Manila,Philippines,Southeast Asia,2026-09-14,2026-09-21,AUD,,,,,,,,,no_data
2026-08-15,PER,HKG,Hong Kong,Hong Kong,East Asia,2026-09-11,2026-09-15,AUD,716.0,AK,1,1,575,575,1,au,ok_flex
2026-08-15,PER,TPE,Taipei,Taiwan,East Asia,2026-09-14,2026-09-21,AUD,,,,,,,,,no_data
2026-08-15,PER,ICN,Seoul,South Korea,East Asia,2026-09-14,2026-09-21,AUD,,,,,,,,,no_data
2026-08-15,PER,NRT,Tokyo,Japan,East Asia,2026-09-14,2026-09-21,AUD,,,,,,,,,no_data
2026-08-15,PER,KIX,Osaka,Japan,East Asia,2026-09-14,2026-09-21,AUD,,,,,,,,,no_data
2026-08-15,PER,PVG,Shanghai,China,East Asia,2026-09-11,2026-09-15,AUD,793.0,CZ,1,1,620,675,1,au,ok_flex
2026-08-15,PER,PEK,Beijing,China,East Asia,2026-09-05,2026-09-27,AUD,1194.0,PR,1,1,725,745,2,au,ok_flex
2026-08-15,PER,CAN,Guangzhou,China,East Asia,2026-09-14,2026-09-21,AUD,,,,,,,,,no_data
2026-08-15,PER,DEL,Delhi,India,South Asia,2026-09-14,2026-09-21,AUD,,,,,,,,,no_data
2026-08-15,PER,BOM,Mumbai,India,South Asia,2026-09-14,2026-09-21,AUD,,,,,,,,,no_data
2026-08-15,PER,CMB,Colombo,Sri Lanka,South Asia,2026-09-14,2026-09-21,AUD,,,,,,,,,no_data
2026-08-15,PER,DXB,Dubai,United Arab Emirates,Middle East,2026-09-26,2026-10-04,AUD,1420.0,AK,3,3,870,970,1,au,ok_flex
2026-08-15,PER,DOH,Doha,Qatar,Middle East,2026-09-26,2026-10-04,AUD,1268.0,AK,4,3,910,925,1,au,ok_flex
2026-08-15,PER,AUH,Abu Dhabi,United Arab Emirates,Middle East,2026-09-26,2026-10-04,AUD,1208.0,AK,3,2,910,845,1,au,ok_flex
2026-08-15,PER,LHR,London,United Kingdom,Europe,2026-09-13,2026-09-27,AUD,1674.0,QF,2,2,1260,1255,2,au,ok_flex
2026-08-15,PER,CDG,Paris,France,Europe,2026-09-14,2026-09-21,AUD,,,,,,,,,no_data
2026-08-15,PER,FRA,Frankfurt,Germany,Europe,2026-09-10,2026-09-22,AUD,1361.0,VJ,3,3,1480,1190,2,au,ok_flex
2026-08-15,PER,AMS,Amsterdam,Netherlands,Europe,2026-09-14,2026-09-21,AUD,,,,,,,,,no_data
2026-08-15,PER,FCO,Rome,Italy,Europe,2026-09-14,2026-09-21,AUD,,,,,,,,,no_data
2026-08-15,PER,MAD,Madrid,Spain,Europe,2026-09-14,2026-09-21,AUD,,,,,,,,,no_data
2026-08-15,PER,IST,Istanbul,Turkey,Europe,2026-09-04,2026-09-18,AUD,1371.0,AK,2,1,1040,965,1,au,ok_flex
2026-08-15,PER,ZRH,Zurich,Switzerland,Europe,2026-09-14,2026-09-21,AUD,,,,,,,,,no_data
2026-08-15,PER,JNB,Johannesburg,South Africa,Africa,2026-09-14,2026-09-21,AUD,,,,,,,,,no_data
2026-08-15,PER,CAI,Cairo,Egypt,Africa,2026-09-26,2026-10-04,AUD,1582.0,AK,3,4,1080,1165,1,au,ok_flex
2026-08-15,PER,JFK,New York,United States,Americas,2026-09-14,2026-09-21,AUD,,,,,,,,,no_data
2026-08-15,PER,LAX,Los Angeles,United States,Americas,2026-09-14,2026-09-21,AUD,,,,,,,,,no_data
2026-08-15,PER,SFO,San Francisco,United States,Americas,2026-09-14,2026-09-21,AUD,,,,,,,,,no_data
2026-08-15,PER,YVR,Vancouver,Canada,Americas,2026-09-14,2026-09-21,AUD,,,,,,,,,no_data
2026-08-15,PER,YYZ,Toronto,Canada,Americas,2026-09-14,2026-09-21,AUD,,,,,,,,,no_data
2026-08-16,PER,SYD,Sydney,Australia,Australia & NZ,2026-09-09,2026-09-16,AUD,524.0,JQ,0,0,260,305,4,au,ok_flex
2026-08-16,PER,MEL,Melbourne,Australia,Australia & NZ,2026-09-12,2026-09-15,AUD,455.0,JQ,0,0,215,250,4,au,ok_flex
2026-08-16,PER,BNE,Brisbane,Australia,Australia & NZ,2026-09-15,2026-09-22,AUD,,,,,,,,,no_data
2026-08-16,PER,ADL,Adelaide,Australia,Australia & NZ,2026-09-02,2026-09-06,AUD,394.0,JQ,0,0,170,205,2,au,ok_flex
2026-08-16,PER,AKL,Auckland,New Zealand,Australia & NZ,2026-09-01,2026-09-10,AUD,1122.0,JQ,1,0,430,445,1,au,ok_flex
2026-08-16,PER,CHC,Christchurch,New Zealand,Australia & NZ,2026-09-15,2026-09-22,AUD,,,,,,,,,no_data
2026-08-16,PER,SIN,Singapore,Singapore,Southeast Asia,2026-09-10,2026-09-22,AUD,430.0,AK,1,0,400,325,4,au,ok_flex
2026-08-16,PER,KUL,Kuala Lumpur,Malaysia,Southeast Asia,2026-09-12,2026-09-15,AUD,411.0,AK,0,1,335,400,6,au,ok_flex
2026-08-16,PER,BKK,Bangkok,Thailand,Southeast Asia,2026-09-10,2026-09-17,AUD,491.0,AK,1,1,465,460,2,au,ok_flex
2026-08-16,PER,CGK,Jakarta,Indonesia,Southeast Asia,2026-09-15,2026-09-22,AUD,,,,,,,,,no_data
2026-08-16,PER,DPS,Denpasar,Indonesia,Southeast Asia,2026-09-13,2026-09-23,AUD,487.0,JQ,0,0,220,225,10,au,ok_flex
2026-08-16,PER,SGN,Ho Chi Minh City,Vietnam,Southeast Asia,2026-09-17,2026-09-26,AUD,571.0,TR,1,1,455,455,4,au,ok_flex
2026-08-16,PER,HAN,Hanoi,Vietnam,Southeast Asia,2026-09-15,2026-09-22,AUD,,,,,,,,,no_data
2026-08-16,PER,MNL,Manila,Philippines,Southeast Asia,2026-09-15,2026-09-22,AUD,,,,,,,,,no_data
2026-08-16,PER,HKG,Hong Kong,Hong Kong,East Asia,2026-09-11,2026-09-15,AUD,716.0,AK,1,1,575,575,1,au,ok_flex
2026-08-16,PER,TPE,Taipei,Taiwan,East Asia,2026-09-15,2026-09-22,AUD,,,,,,,,,no_data
2026-08-16,PER,ICN,Seoul,South Korea,East Asia,2026-09-15,2026-09-22,AUD,,,,,,,,,no_data
2026-08-16,PER,NRT,Tokyo,Japan,East Asia,2026-09-15,2026-09-22,AUD,,,,,,,,,no_data
2026-08-16,PER,KIX,Osaka,Japan,East Asia,2026-09-15,2026-09-22,AUD,,,,,,,,,no_data
2026-08-16,PER,PVG,Shanghai,China,East Asia,2026-09-11,2026-09-15,AUD,793.0,CZ,1,1,620,675,1,au,ok_flex
2026-08-16,PER,PEK,Beijing,China,East Asia,2026-09-05,2026-09-27,AUD,1194.0,PR,1,1,725,745,2,au,ok_flex
2026-08-16,PER,CAN,Guangzhou,China,East Asia,2026-09-15,2026-09-22,AUD,,,,,,,,,no_data
2026-08-16,PER,DEL,Delhi,India,South Asia,2026-09-15,2026-09-22,AUD,,,,,,,,,no_data
2026-08-16,PER,BOM,Mumbai,India,South Asia,2026-09-15,2026-09-22,AUD,,,,,,,,,no_data
2026-08-16,PER,CMB,Colombo,Sri Lanka,South Asia,2026-09-15,2026-09-22,AUD,,,,,,,,,no_data
2026-08-16,PER,DXB,Dubai,United Arab Emirates,Middle East,2026-09-15,2026-09-22,AUD,,,,,,,,,no_data
2026-08-16,PER,DOH,Doha,Qatar,Middle East,2026-09-15,2026-09-22,AUD,,,,,,,,,no_data
2026-08-16,PER,AUH,Abu Dhabi,United Arab Emirates,Middle East,2026-09-15,2026-09-22,AUD,,,,,,,,,no_data
2026-08-16,PER,LHR,London,United Kingdom,Europe,2026-09-14,2026-09-28,AUD,1671.0,CZ,1,1,1230,1185,3,au,ok_flex
2026-08-16,PER,CDG,Paris,France,Europe,2026-09-15,2026-09-22,AUD,,,,,,,,,no_data
2026-08-16,PER,FRA,Frankfurt,Germany,Europe,2026-09-10,2026-09-22,AUD,1361.0,VJ,3,3,1480,1190,2,au,ok_flex
2026-08-16,PER,AMS,Amsterdam,Netherlands,Europe,2026-09-15,2026-09-22,AUD,,,,,,,,,no_data
2026-08-16,PER,FCO,Rome,Italy,Europe,2026-09-15,2026-09-22,AUD,,,,,,,,,no_data
2026-08-16,PER,MAD,Madrid,Spain,Europe,2026-09-15,2026-09-22,AUD,,,,,,,,,no_data
2026-08-16,PER,IST,Istanbul,Turkey,Europe,2026-09-04,2026-09-18,AUD,1370.0,AK,2,1,1040,965,1,au,ok_flex
2026-08-16,PER,ZRH,Zurich,Switzerland,Europe,2026-09-15,2026-09-22,AUD,,,,,,,,,no_data
2026-08-16,PER,JNB,Johannesburg,South Africa,Africa,2026-09-15,2026-09-22,AUD,,,,,,,,,no_data
2026-08-16,PER,CAI,Cairo,Egypt,Africa,2026-09-15,2026-09-22,AUD,,,,,,,,,no_data
2026-08-16,PER,JFK,New York,United States,Americas,2026-09-15,2026-09-22,AUD,,,,,,,,,no_data
2026-08-16,PER,LAX,Los Angeles,United States,Americas,2026-09-15,2026-09-22,AUD,,,,,,,,,no_data
2026-08-16,PER,SFO,San Francisco,United States,Americas,2026-09-15,2026-09-22,AUD,,,,,,,,,no_data
2026-08-16,PER,YVR,Vancouver,Canada,Americas,2026-09-15,2026-09-22,AUD,,,,,,,,,no_data
2026-08-16,PER,YYZ,Toronto,Canada,Americas,2026-09-15,2026-09-22,AUD,,,,,,,,,no_data
2026-08-17,PER,SYD,Sydney,Australia,Australia & NZ,2026-09-09,2026-09-16,AUD,524.0,JQ,0,0,260,305,5,au,ok_flex
2026-08-17,PER,MEL,Melbourne,Australia,Australia & NZ,2026-09-12,2026-09-15,AUD,455.0,JQ,0,0,215,250,4,au,ok_flex
2026-08-17,PER,BNE,Brisbane,Australia,Australia & NZ,2026-09-16,2026-09-23,AUD,,,,,,,,,no_data
2026-08-17,PER,ADL,Adelaide,Australia,Australia & NZ,2026-09-02,2026-09-06,AUD,394.0,JQ,0,0,170,205,2,au,ok_flex
2026-08-17,PER,AKL,Auckland,New Zealand,Australia & NZ,2026-09-01,2026-09-10,AUD,1122.0,JQ,1,0,430,445,1,au,ok_flex
2026-08-17,PER,CHC,Christchurch,New Zealand,Australia & NZ,2026-09-16,2026-09-23,AUD,,,,,,,,,no_data
2026-08-17,PER,SIN,Singapore,Singapore,Southeast Asia,2026-09-10,2026-09-22,AUD,430.0,AK,1,0,400,325,4,au,ok_flex
2026-08-17,PER,KUL,Kuala Lumpur,Malaysia,Southeast Asia,2026-09-12,2026-09-15,AUD,411.0,AK,0,1,335,400,6,au,ok_flex
2026-08-17,PER,BKK,Bangkok,Thailand,Southeast Asia,2026-09-10,2026-09-17,AUD,491.0,AK,1,1,465,460,2,au,ok_flex
2026-08-17,PER,CGK,Jakarta,Indonesia,Southeast Asia,2026-09-16,2026-09-23,AUD,,,,,,,,,no_data
2026-08-17,PER,DPS,Denpasar,Indonesia,Southeast Asia,2026-09-13,2026-09-23,AUD,487.0,JQ,0,0,220,225,10,au,ok_flex
2026-08-17,PER,SGN,Ho Chi Minh City,Vietnam,Southeast Asia,2026-09-17,2026-09-26,AUD,571.0,TR,1,1,455,455,4,au,ok_flex
2026-08-17,PER,HAN,Hanoi,Vietnam,Southeast Asia,2026-09-16,2026-09-23,AUD,,,,,,,,,no_data
2026-08-17,PER,MNL,Manila,Philippines,Southeast Asia,2026-09-16,2026-09-23,AUD,,,,,,,,,no_data
2026-08-17,PER,HKG,Hong Kong,Hong Kong,East Asia,2026-09-11,2026-09-15,AUD,716.0,AK,1,1,575,575,1,au,ok_flex
2026-08-17,PER,TPE,Taipei,Taiwan,East Asia,2026-09-16,2026-09-23,AUD,,,,,,,,,no_data
2026-08-17,PER,ICN,Seoul,South Korea,East Asia,2026-09-16,2026-09-23,AUD,,,,,,,,,no_data
2026-08-17,PER,NRT,Tokyo,Japan,East Asia,2026-09-16,2026-09-23,AUD,,,,,,,,,no_data
2026-08-17,PER,KIX,Osaka,Japan,East Asia,2026-09-16,2026-09-23,AUD,,,,,,,,,no_data
2026-08-17,PER,PVG,Shanghai,China,East Asia,2026-09-11,2026-09-15,AUD,793.0,CZ,1,1,620,675,1,au,ok_flex
2026-08-17,PER,PEK,Beijing,China,East Asia,2026-09-05,2026-09-27,AUD,1194.0,PR,1,1,725,745,2,au,ok_flex
2026-08-17,PER,CAN,Guangzhou,China,East Asia,2026-09-16,2026-09-23,AUD,,,,,,,,,no_data
2026-08-17,PER,DEL,Delhi,India,South Asia,2026-09-16,2026-09-23,AUD,,,,,,,,,no_data
2026-08-17,PER,BOM,Mumbai,India,South Asia,2026-09-16,2026-09-23,AUD,,,,,,,,,no_data
2026-08-17,PER,CMB,Colombo,Sri Lanka,South Asia,2026-09-16,2026-09-23,AUD,,,,,,,,,no_data
2026-08-17,PER,DXB,Dubai,United Arab Emirates,Middle East,2026-09-16,2026-09-23,AUD,,,,,,,,,no_data
2026-08-17,PER,DOH,Doha,Qatar,Middle East,2026-09-16,2026-09-23,AUD,,,,,,,,,no_data
2026-08-17,PER,AUH,Abu Dhabi,United Arab Emirates,Middle East,2026-09-16,2026-09-23,AUD,,,,,,,,,no_data
2026-08-17,PER,LHR,London,United Kingdom,Europe,2026-09-14,2026-09-28,AUD,1671.0,CZ,1,1,1230,1185,3,au,ok_flex
2026-08-17,PER,CDG,Paris,France,Europe,2026-09-16,2026-09-23,AUD,,,,,,,,,no_data
2026-08-17,PER,FRA,Frankfurt,Germany,Europe,2026-09-16,2026-09-23,AUD,,,,,,,,,no_data
2026-08-17,PER,AMS,Amsterdam,Netherlands,Europe,2026-09-16,2026-09-23,AUD,,,,,,,,,no_data
2026-08-17,PER,FCO,Rome,Italy,Europe,2026-09-16,2026-09-23,AUD,,,,,,,,,no_data
2026-08-17,PER,MAD,Madrid,Spain,Europe,2026-09-16,2026-09-23,AUD,,,,,,,,,no_data
2026-08-17,PER,IST,Istanbul,Turkey,Europe,2026-09-04,2026-09-18,AUD,1370.0,AK,2,1,1040,965,1,au,ok_flex
2026-08-17,PER,ZRH,Zurich,Switzerland,Europe,2026-09-16,2026-09-23,AUD,,,,,,,,,no_data
2026-08-17,PER,JNB,Johannesburg,South Africa,Africa,2026-09-16,2026-09-23,AUD,,,,,,,,,no_data
2026-08-17,PER,CAI,Cairo,Egypt,Africa,2026-09-16,2026-09-23,AUD,,,,,,,,,no_data
2026-08-17,PER,JFK,New York,United States,Americas,2026-09-16,2026-09-23,AUD,,,,,,,,,no_data
2026-08-17,PER,LAX,Los Angeles,United States,Americas,2026-09-16,2026-09-23,AUD,,,,,,,,,no_data
2026-08-17,PER,SFO,San Francisco,United States,Americas,2026-09-16,2026-09-23,AUD,,,,,,,,,no_data
2026-08-17,PER,YVR,Vancouver,Canada,Americas,2026-09-16,2026-09-23,AUD,,,,,,,,,no_data
2026-08-17,PER,YYZ,Toronto,Canada,Americas,2026-09-16,2026-09-23,AUD,,,,,,,,,no_data
2026-08-18,PER,SYD,Sydney,Australia,Australia & NZ,2026-09-09,2026-09-13,AUD,544.0,JQ,0,0,245,305,6,au,ok_flex
2026-08-18,PER,MEL,Melbourne,Australia,Australia & NZ,2026-09-12,2026-09-15,AUD,455.0,JQ,0,0,215,250,5,au,ok_flex
2026-08-18,PER,BNE,Brisbane,Australia,Australia & NZ,2026-09-17,2026-09-24,AUD,,,,,,,,,no_data
2026-08-18,PER,ADL,Adelaide,Australia,Australia & NZ,2026-09-26,2026-10-05,AUD,523.0,JQ,0,0,190,205,1,au,ok_flex
2026-08-18,PER,AKL,Auckland,New Zealand,Australia & NZ,2026-09-01,2026-09-10,AUD,1122.0,JQ,1,0,430,445,1,au,ok_flex
2026-08-18,PER,CHC,Christchurch,New Zealand,Australia & NZ,2026-09-17,2026-09-24,AUD,,,,,,,,,no_data
2026-08-18,PER,SIN,Singapore,Singapore,Southeast Asia,2026-09-10,2026-09-22,AUD,430.0,AK,1,0,400,325,2,au,ok_flex
2026-08-18,PER,KUL,Kuala Lumpur,Malaysia,Southeast Asia,2026-09-19,2026-09-28,AUD,477.0,AK,0,0,335,335,5,au,ok_flex
2026-08-18,PER,BKK,Bangkok,Thailand,Southeast Asia,2026-09-10,2026-09-17,AUD,491.0,AK,1,1,465,460,2,au,ok_flex
2026-08-18,PER,CGK,Jakarta,Indonesia,Southeast Asia,2026-09-17,2026-09-24,AUD,,,,,,,,,no_data
2026-08-18,PER,DPS,Denpasar,Indonesia,Southeast Asia,2026-09-13,2026-09-23,AUD,487.0,JQ,0,0,220,225,9,au,ok_flex
2026-08-18,PER,SGN,Ho Chi Minh City,Vietnam,Southeast Asia,2026-09-17,2026-09-26,AUD,571.0,TR,1,1,455,455,4,au,ok_flex
2026-08-18,PER,HAN,Hanoi,Vietnam,Southeast Asia,2026-09-17,2026-09-24,AUD,,,,,,,,,no_data
2026-08-18,PER,MNL,Manila,Philippines,Southeast Asia,2026-09-13,2026-09-22,AUD,495.0,AK,1,1,570,535,2,au,ok_flex
2026-08-18,PER,HKG,Hong Kong,Hong Kong,East Asia,2026-09-17,2026-09-24,AUD,,,,,,,,,no_data
2026-08-18,PER,TPE,Taipei,Taiwan,East Asia,2026-09-17,2026-09-24,AUD,,,,,,,,,no_data
2026-08-18,PER,ICN,Seoul,South Korea,East Asia,2026-09-17,2026-09-24,AUD,,,,,,,,,no_data
2026-08-18,PER,NRT,Tokyo,Japan,East Asia,2026-09-17,2026-09-24,AUD,,,,,,,,,no_data
2026-08-18,PER,KIX,Osaka,Japan,East Asia,2026-09-17,2026-09-24,AUD,,,,,,,,,no_data
2026-08-18,PER,PVG,Shanghai,China,East Asia,2026-09-17,2026-09-24,AUD,,,,,,,,,no_data
2026-08-18,PER,PEK,Beijing,China,East Asia,2026-09-17,2026-09-24,AUD,,,,,,,,,no_data
2026-08-18,PER,CAN,Guangzhou,China,East Asia,2026-09-17,2026-09-24,AUD,,,,,,,,,no_data
2026-08-18,PER,DEL,Delhi,India,South Asia,2026-09-17,2026-09-24,AUD,,,,,,,,,no_data
2026-08-18,PER,BOM,Mumbai,India,South Asia,2026-09-17,2026-09-24,AUD,,,,,,,,,no_data
2026-08-18,PER,CMB,Colombo,Sri Lanka,South Asia,2026-09-17,2026-09-24,AUD,,,,,,,,,no_data
2026-08-18,PER,DXB,Dubai,United Arab Emirates,Middle East,2026-09-17,2026-09-24,AUD,,,,,,,,,no_data
2026-08-18,PER,DOH,Doha,Qatar,Middle East,2026-09-17,2026-09-24,AUD,,,,,,,,,no_data
2026-08-18,PER,AUH,Abu Dhabi,United Arab Emirates,Middle East,2026-09-17,2026-09-24,AUD,,,,,,,,,no_data
2026-08-18,PER,LHR,London,United Kingdom,Europe,2026-09-14,2026-09-28,AUD,1671.0,CZ,1,1,1230,1185,3,au,ok_flex
2026-08-18,PER,CDG,Paris,France,Europe,2026-09-17,2026-09-24,AUD,,,,,,,,,no_data
2026-08-18,PER,FRA,Frankfurt,Germany,Europe,2026-09-17,2026-09-24,AUD,,,,,,,,,no_data
2026-08-18,PER,AMS,Amsterdam,Netherlands,Europe,2026-09-17,2026-09-24,AUD,,,,,,,,,no_data
2026-08-18,PER,FCO,Rome,Italy,Europe,2026-09-17,2026-09-24,AUD,,,,,,,,,no_data
2026-08-18,PER,MAD,Madrid,Spain,Europe,2026-09-17,2026-09-24,AUD,,,,,,,,,no_data
2026-08-18,PER,IST,Istanbul,Turkey,Europe,2026-09-04,2026-09-18,AUD,1370.0,AK,2,1,1040,965,1,au,ok_flex
2026-08-18,PER,ZRH,Zurich,Switzerland,Europe,2026-09-17,2026-09-24,AUD,,,,,,,,,no_data
2026-08-18,PER,JNB,Johannesburg,South Africa,Africa,2026-09-17,2026-09-24,AUD,,,,,,,,,no_data
2026-08-18,PER,CAI,Cairo,Egypt,Africa,2026-09-17,2026-09-24,AUD,,,,,,,,,no_data
2026-08-18,PER,JFK,New York,United States,Americas,2026-09-17,2026-09-24,AUD,,,,,,,,,no_data
2026-08-18,PER,LAX,Los Angeles,United States,Americas,2026-09-17,2026-09-24,AUD,,,,,,,,,no_data
2026-08-18,PER,SFO,San Francisco,United States,Americas,2026-09-17,2026-09-24,AUD,,,,,,,,,no_data
2026-08-18,PER,YVR,Vancouver,Canada,Americas,2026-09-17,2026-09-24,AUD,,,,,,,,,no_data
2026-08-18,PER,YYZ,Toronto,Canada,Americas,2026-09-17,2026-09-24,AUD,,,,,,,,,no_data
2026-08-19,PER,SYD,Sydney,Australia,Australia & NZ,2026-09-09,2026-09-13,AUD,544.0,JQ,0,0,245,305,6,au,ok_flex
2026-08-19,PER,MEL,Melbourne,Australia,Australia & NZ,2026-09-12,2026-09-15,AUD,446.0,JQ,0,0,215,250,5,au,ok_flex
2026-08-19,PER,BNE,Brisbane,Australia,Australia & NZ,2026-09-18,2026-09-25,AUD,,,,,,,,,no_data
2026-08-19,PER,ADL,Adelaide,Australia,Australia & NZ,2026-09-26,2026-10-05,AUD,528.0,JQ,0,0,190,205,1,au,ok_flex
2026-08-19,PER,AKL,Auckland,New Zealand,Australia & NZ,2026-09-01,2026-09-10,AUD,1122.0,JQ,1,0,430,445,1,au,ok_flex
2026-08-19,PER,CHC,Christchurch,New Zealand,Australia & NZ,2026-09-18,2026-09-25,AUD,,,,,,,,,no_data
2026-08-19,PER,SIN,Singapore,Singapore,Southeast Asia,2026-09-10,2026-09-22,AUD,430.0,AK,1,0,400,325,2,au,ok_flex
2026-08-19,PER,KUL,Kuala Lumpur,Malaysia,Southeast Asia,2026-09-26,2026-10-07,AUD,762.0,AK,0,2,335,455,2,au,ok_flex
2026-08-19,PER,BKK,Bangkok,Thailand,Southeast Asia,2026-09-10,2026-09-17,AUD,491.0,AK,1,1,465,460,2,au,ok_flex
2026-08-19,PER,CGK,Jakarta,Indonesia,Southeast Asia,2026-09-18,2026-09-25,AUD,,,,,,,,,no_data
2026-08-19,PER,DPS,Denpasar,Indonesia,Southeast Asia,2026-09-13,2026-09-23,AUD,487.0,JQ,0,0,220,225,8,au,ok_flex
2026-08-19,PER,SGN,Ho Chi Minh City,Vietnam,Southeast Asia,2026-09-17,2026-09-26,AUD,571.0,TR,1,1,455,455,4,au,ok_flex
2026-08-19,PER,HAN,Hanoi,Vietnam,Southeast Asia,2026-09-18,2026-09-25,AUD,,,,,,,,,no_data
2026-08-19,PER,MNL,Manila,Philippines,Southeast Asia,2026-09-13,2026-09-22,AUD,495.0,AK,1,1,570,535,2,au,ok_flex
2026-08-19,PER,HKG,Hong Kong,Hong Kong,East Asia,2026-09-18,2026-09-25,AUD,,,,,,,,,no_data
2026-08-19,PER,TPE,Taipei,Taiwan,East Asia,2026-09-18,2026-09-25,AUD,,,,,,,,,no_data
2026-08-19,PER,ICN,Seoul,South Korea,East Asia,2026-09-18,2026-09-25,AUD,,,,,,,,,no_data
2026-08-19,PER,NRT,Tokyo,Japan,East Asia,2026-09-18,2026-09-25,AUD,,,,,,,,,no_data
2026-08-19,PER,KIX,Osaka,Japan,East Asia,2026-09-18,2026-09-25,AUD,,,,,,,,,no_data
2026-08-19,PER,PVG,Shanghai,China,East Asia,2026-09-18,2026-09-25,AUD,,,,,,,,,no_data
2026-08-19,PER,PEK,Beijing,China,East Asia,2026-09-18,2026-09-25,AUD,,,,,,,,,no_data
2026-08-19,PER,CAN,Guangzhou,China,East Asia,2026-09-18,2026-09-25,AUD,,,,,,,,,no_data
2026-08-19,PER,DEL,Delhi,India,South Asia,2026-09-18,2026-09-25,AUD,,,,,,,,,no_data
2026-08-19,PER,BOM,Mumbai,India,South Asia,2026-09-18,2026-09-25,AUD,,,,,,,,,no_data
2026-08-19,PER,CMB,Colombo,Sri Lanka,South Asia,2026-09-18,2026-09-25,AUD,,,,,,,,,no_data
2026-08-19,PER,DXB,Dubai,United Arab Emirates,Middle East,2026-09-18,2026-09-25,AUD,,,,,,,,,no_data
2026-08-19,PER,DOH,Doha,Qatar,Middle East,2026-09-18,2026-09-25,AUD,,,,,,,,,no_data
2026-08-19,PER,AUH,Abu Dhabi,United Arab Emirates,Middle East,2026-09-18,2026-09-25,AUD,,,,,,,,,no_data
2026-08-19,PER,LHR,London,United Kingdom,Europe,2026-09-14,2026-09-28,AUD,1671.0,CZ,1,1,1230,1185,3,au,ok_flex
2026-08-19,PER,CDG,Paris,France,Europe,2026-09-18,2026-09-25,AUD,,,,,,,,,no_data
2026-08-19,PER,FRA,Frankfurt,Germany,Europe,2026-09-18,2026-09-25,AUD,,,,,,,,,no_data
2026-08-19,PER,AMS,Amsterdam,Netherlands,Europe,2026-09-18,2026-09-25,AUD,,,,,,,,,no_data
2026-08-19,PER,FCO,Rome,Italy,Europe,2026-09-18,2026-09-25,AUD,,,,,,,,,no_data
2026-08-19,PER,MAD,Madrid,Spain,Europe,2026-09-18,2026-09-25,AUD,,,,,,,,,no_data
2026-08-19,PER,IST,Istanbul,Turkey,Europe,2026-09-04,2026-09-18,AUD,1370.0,AK,2,1,1040,965,1,au,ok_flex
2026-08-19,PER,ZRH,Zurich,Switzerland,Europe,2026-09-18,2026-09-25,AUD,,,,,,,,,no_data
2026-08-19,PER,JNB,Johannesburg,South Africa,Africa,2026-09-18,2026-09-25,AUD,,,,,,,,,no_data
2026-08-19,PER,CAI,Cairo,Egypt,Africa,2026-09-18,2026-09-25,AUD,,,,,,,,,no_data
2026-08-19,PER,JFK,New York,United States,Americas,2026-09-08,2026-09-19,AUD,2407.0,JQ,2,2,1395,1580,1,au,ok_flex
2026-08-19,PER,LAX,Los Angeles,United States,Americas,2026-09-18,2026-09-25,AUD,,,,,,,,,no_data
2026-08-19,PER,SFO,San Francisco,United States,Americas,2026-09-18,2026-09-25,AUD,,,,,,,,,no_data
2026-08-19,PER,YVR,Vancouver,Canada,Americas,2026-09-08,2026-09-19,AUD,1932.0,JQ,2,3,1242,1490,1,au,ok_flex
2026-08-19,PER,YYZ,Toronto,Canada,Americas,2026-09-18,2026-09-25,AUD,,,,,,,,,no_data
2026-08-20,PER,SYD,Sydney,Australia,Australia & NZ,2026-09-12,2026-09-16,AUD,503.0,JQ,0,0,260,305,8,au,ok_flex
2026-08-20,PER,MEL,Melbourne,Australia,Australia & NZ,2026-09-12,2026-09-15,AUD,446.0,JQ,0,0,215,250,3,au,ok_flex
2026-08-20,PER,BNE,Brisbane,Australia,Australia & NZ,2026-09-19,2026-09-26,AUD,,,,,,,,,no_data
2026-08-20,PER,ADL,Adelaide,Australia,Australia & NZ,2026-09-26,2026-10-05,AUD,528.0,JQ,0,0,190,205,1,au,ok_flex
2026-08-20,PER,AKL,Auckland,New Zealand,Australia & NZ,2026-09-01,2026-09-10,AUD,1122.0,JQ,1,0,430,445,1,au,ok_flex
2026-08-20,PER,CHC,Christchurch,New Zealand,Australia & NZ,2026-09-19,2026-09-26,AUD,,,,,,,,,no_data
2026-08-20,PER,SIN,Singapore,Singapore,Southeast Asia,2026-09-10,2026-09-22,AUD,430.0,AK,1,0,400,325,2,au,ok_flex
2026-08-20,PER,KUL,Kuala Lumpur,Malaysia,Southeast Asia,2026-09-25,2026-10-04,AUD,770.0,AK,0,0,335,335,1,au,ok_flex
2026-08-20,PER,BKK,Bangkok,Thailand,Southeast Asia,2026-09-17,2026-09-26,AUD,577.0,TR,1,1,475,460,1,au,ok_flex
2026-08-20,PER,CGK,Jakarta,Indonesia,Southeast Asia,2026-09-19,2026-09-26,AUD,,,,,,,,,no_data
2026-08-20,PER,DPS,Denpasar,Indonesia,Southeast Asia,2026-09-13,2026-09-23,AUD,487.0,JQ,0,0,220,225,9,au,ok_flex
2026-08-20,PER,SGN,Ho Chi Minh City,Vietnam,Southeast Asia,2026-09-17,2026-09-26,AUD,571.0,TR,1,1,455,455,4,au,ok_flex
2026-08-20,PER,HAN,Hanoi,Vietnam,Southeast Asia,2026-09-19,2026-09-26,AUD,,,,,,,,,no_data
2026-08-20,PER,MNL,Manila,Philippines,Southeast Asia,2026-09-13,2026-09-22,AUD,495.0,AK,1,1,570,535,3,au,ok_flex
2026-08-20,PER,HKG,Hong Kong,Hong Kong,East Asia,2026-09-07,2026-09-13,AUD,730.0,VJ,2,1,620,550,1,au,ok_flex
2026-08-20,PER,TPE,Taipei,Taiwan,East Asia,2026-09-19,2026-09-26,AUD,,,,,,,,,no_data
2026-08-20,PER,ICN,Seoul,South Korea,East Asia,2026-09-19,2026-09-26,AUD,,,,,,,,,no_data
2026-08-20,PER,NRT,Tokyo,Japan,East Asia,2026-09-19,2026-09-26,AUD,,,,,,,,,no_data
2026-08-20,PER,KIX,Osaka,Japan,East Asia,2026-09-19,2026-09-26,AUD,,,,,,,,,no_data
2026-08-20,PER,PVG,Shanghai,China,East Asia,2026-09-19,2026-09-26,AUD,,,,,,,,,no_data
2026-08-20,PER,PEK,Beijing,China,East Asia,2026-09-19,2026-09-26,AUD,,,,,,,,,no_data
2026-08-20,PER,CAN,Guangzhou,China,East Asia,2026-09-19,2026-09-26,AUD,,,,,,,,,no_data
2026-08-20,PER,DEL,Delhi,India,South Asia,2026-09-19,2026-09-26,AUD,,,,,,,,,no_data
2026-08-20,PER,BOM,Mumbai,India,South Asia,2026-09-19,2026-09-26,AUD,,,,,,,,,no_data
2026-08-20,PER,CMB,Colombo,Sri Lanka,South Asia,2026-09-19,2026-09-26,AUD,,,,,,,,,no_data
2026-08-20,PER,DXB,Dubai,United Arab Emirates,Middle East,2026-09-19,2026-09-26,AUD,,,,,,,,,no_data
2026-08-20,PER,DOH,Doha,Qatar,Middle East,2026-09-19,2026-09-26,AUD,,,,,,,,,no_data
2026-08-20,PER,AUH,Abu Dhabi,United Arab Emirates,Middle East,2026-09-19,2026-09-26,AUD,,,,,,,,,no_data
2026-08-20,PER,LHR,London,United Kingdom,Europe,2026-09-14,2026-09-28,AUD,1671.0,CZ,1,1,1230,1185,2,au,ok_flex
2026-08-20,PER,CDG,Paris,France,Europe,2026-09-19,2026-09-26,AUD,,,,,,,,,no_data
2026-08-20,PER,FRA,Frankfurt,Germany,Europe,2026-09-19,2026-09-26,AUD,,,,,,,,,no_data
2026-08-20,PER,AMS,Amsterdam,Netherlands,Europe,2026-09-19,2026-09-26,AUD,,,,,,,,,no_data
2026-08-20,PER,FCO,Rome,Italy,Europe,2026-09-19,2026-09-26,AUD,,,,,,,,,no_data
2026-08-20,PER,MAD,Madrid,Spain,Europe,2026-09-19,2026-09-26,AUD,,,,,,,,,no_data
2026-08-20,PER,IST,Istanbul,Turkey,Europe,2026-09-15,2026-09-23,AUD,1260.0,AK,1,1,1000,965,2,au,ok_flex
2026-08-20,PER,ZRH,Zurich,Switzerland,Europe,2026-09-19,2026-09-26,AUD,,,,,,,,,no_data
2026-08-20,PER,JNB,Johannesburg,South Africa,Africa,2026-09-19,2026-09-26,AUD,,,,,,,,,no_data
2026-08-20,PER,CAI,Cairo,Egypt,Africa,2026-09-19,2026-09-26,AUD,,,,,,,,,no_data
2026-08-20,PER,JFK,New York,United States,Americas,2026-09-08,2026-09-19,AUD,2406.0,JQ,2,2,1395,1580,1,au,ok_flex
2026-08-20,PER,LAX,Los Angeles,United States,Americas,2026-09-19,2026-09-26,AUD,,,,,,,,,no_data
2026-08-20,PER,SFO,San Francisco,United States,Americas,2026-09-19,2026-09-26,AUD,,,,,,,,,no_data
2026-08-20,PER,YVR,Vancouver,Canada,Americas,2026-09-08,2026-09-19,AUD,1931.0,JQ,2,3,1242,1490,1,au,ok_flex
2026-08-20,PER,YYZ,Toronto,Canada,Americas,2026-09-19,2026-09-26,AUD,,,,,,,,,no_data
2026-08-21,PER,SYD,Sydney,Australia,Australia & NZ,2026-09-12,2026-09-16,AUD,503.0,JQ,0,0,260,305,7,au,ok_flex
2026-08-21,PER,MEL,Melbourne,Australia,Australia & NZ,2026-09-12,2026-09-15,AUD,446.0,JQ,0,0,215,250,3,au,ok_flex
2026-08-21,PER,BNE,Brisbane,Australia,Australia & NZ,2026-09-20,2026-09-27,AUD,,,,,,,,,no_data
2026-08-21,PER,ADL,Adelaide,Australia,Australia & NZ,2026-09-26,2026-10-05,AUD,528.0,JQ,0,0,190,205,1,au,ok_flex
2026-08-21,PER,AKL,Auckland,New Zealand,Australia & NZ,2026-09-01,2026-09-10,AUD,1122.0,JQ,1,0,430,445,1,au,ok_flex
2026-08-21,PER,CHC,Christchurch,New Zealand,Australia & NZ,2026-09-20,2026-09-27,AUD,,,,,,,,,no_data
2026-08-21,PER,SIN,Singapore,Singapore,Southeast Asia,2026-09-10,2026-09-22,AUD,430.0,AK,1,0,400,325,2,au,ok_flex
2026-08-21,PER,KUL,Kuala Lumpur,Malaysia,Southeast Asia,2026-09-25,2026-10-04,AUD,770.0,AK,0,0,335,335,1,au,ok_flex
2026-08-21,PER,BKK,Bangkok,Thailand,Southeast Asia,2026-09-20,2026-09-27,AUD,,,,,,,,,no_data
2026-08-21,PER,CGK,Jakarta,Indonesia,Southeast Asia,2026-09-04,2026-09-06,AUD,674.0,TR,2,1,475,480,1,au,ok_flex
2026-08-21,PER,DPS,Denpasar,Indonesia,Southeast Asia,2026-09-07,2026-09-13,AUD,581.0,QZ,0,0,220,225,6,au,ok_flex
2026-08-21,PER,SGN,Ho Chi Minh City,Vietnam,Southeast Asia,2026-09-24,2026-10-04,AUD,825.0,TR,2,1,535,435,3,au,ok_flex
2026-08-21,PER,HAN,Hanoi,Vietnam,Southeast Asia,2026-09-28,2026-10-08,AUD,935.0,TR,2,2,570,560,1,au,ok_flex
2026-08-21,PER,MNL,Manila,Philippines,Southeast Asia,2026-09-13,2026-09-22,AUD,495.0,AK,1,1,570,535,3,au,ok_flex
2026-08-21,PER,HKG,Hong Kong,Hong Kong,East Asia,2026-09-07,2026-09-13,AUD,730.0,VJ,2,1,620,550,1,au,ok_flex
2026-08-21,PER,TPE,Taipei,Taiwan,East Asia,2026-09-20,2026-09-27,AUD,,,,,,,,,no_data
2026-08-21,PER,ICN,Seoul,South Korea,East Asia,2026-09-20,2026-09-27,AUD,,,,,,,,,no_data
2026-08-21,PER,NRT,Tokyo,Japan,East Asia,2026-09-20,2026-09-27,AUD,,,,,,,,,no_data
2026-08-21,PER,KIX,Osaka,Japan,East Asia,2026-09-20,2026-09-27,AUD,,,,,,,,,no_data
2026-08-21,PER,PVG,Shanghai,China,East Asia,2026-09-20,2026-09-27,AUD,,,,,,,,,no_data
2026-08-21,PER,PEK,Beijing,China,East Asia,2026-09-20,2026-09-27,AUD,,,,,,,,,no_data
2026-08-21,PER,CAN,Guangzhou,China,East Asia,2026-09-20,2026-09-27,AUD,,,,,,,,,no_data
2026-08-21,PER,DEL,Delhi,India,South Asia,2026-09-20,2026-09-27,AUD,,,,,,,,,no_data
2026-08-21,PER,BOM,Mumbai,India,South Asia,2026-09-20,2026-09-27,AUD,,,,,,,,,no_data
2026-08-21,PER,CMB,Colombo,Sri Lanka,South Asia,2026-09-20,2026-09-27,AUD,,,,,,,,,no_data
2026-08-21,PER,DXB,Dubai,United Arab Emirates,Middle East,2026-09-20,2026-09-27,AUD,,,,,,,,,no_data
2026-08-21,PER,DOH,Doha,Qatar,Middle East,2026-09-20,2026-09-27,AUD,,,,,,,,,no_data
2026-08-21,PER,AUH,Abu Dhabi,United Arab Emirates,Middle East,2026-09-20,2026-09-27,AUD,,,,,,,,,no_data
2026-08-21,PER,LHR,London,United Kingdom,Europe,2026-09-14,2026-09-28,AUD,1671.0,CZ,1,1,1230,1185,2,au,ok_flex
2026-08-21,PER,CDG,Paris,France,Europe,2026-09-20,2026-09-27,AUD,,,,,,,,,no_data
2026-08-21,PER,FRA,Frankfurt,Germany,Europe,2026-09-20,2026-09-27,AUD,,,,,,,,,no_data
2026-08-21,PER,AMS,Amsterdam,Netherlands,Europe,2026-09-20,2026-09-27,AUD,,,,,,,,,no_data
2026-08-21,PER,FCO,Rome,Italy,Europe,2026-09-20,2026-09-27,AUD,,,,,,,,,no_data
2026-08-21,PER,MAD,Madrid,Spain,Europe,2026-09-20,2026-09-27,AUD,,,,,,,,,no_data
2026-08-21,PER,IST,Istanbul,Turkey,Europe,2026-09-15,2026-09-23,AUD,1260.0,AK,1,1,1000,965,2,au,ok_flex
2026-08-21,PER,ZRH,Zurich,Switzerland,Europe,2026-09-20,2026-09-27,AUD,,,,,,,,,no_data
2026-08-21,PER,JNB,Johannesburg,South Africa,Africa,2026-09-20,2026-09-27,AUD,,,,,,,,,no_data
2026-08-21,PER,CAI,Cairo,Egypt,Africa,2026-09-20,2026-09-27,AUD,,,,,,,,,no_data
2026-08-21,PER,JFK,New York,United States,Americas,2026-09-08,2026-09-19,AUD,2406.0,JQ,2,2,1395,1580,1,au,ok_flex
2026-08-21,PER,LAX,Los Angeles,United States,Americas,2026-09-20,2026-09-27,AUD,,,,,,,,,no_data
2026-08-21,PER,SFO,San Francisco,United States,Americas,2026-09-20,2026-09-27,AUD,,,,,,,,,no_data
2026-08-21,PER,YVR,Vancouver,Canada,Americas,2026-09-08,2026-09-19,AUD,1931.0,JQ,2,3,1242,1490,1,au,ok_flex
2026-08-21,PER,YYZ,Toronto,Canada,Americas,2026-09-20,2026-09-27,AUD,,,,,,,,,no_data
2026-08-22,PER,SYD,Sydney,Australia,Australia & NZ,2026-09-12,2026-09-16,AUD,503.0,JQ,0,0,260,305,6,au,ok_flex
2026-08-22,PER,MEL,Melbourne,Australia,Australia & NZ,2026-09-12,2026-09-15,AUD,479.0,JQ,0,0,215,250,3,au,ok_flex
2026-08-22,PER,BNE,Brisbane,Australia,Australia & NZ,2026-09-21,2026-09-28,AUD,,,,,,,,,no_data
2026-08-22,PER,ADL,Adelaide,Australia,Australia & NZ,2026-09-17,2026-09-19,AUD,367.0,JQ,0,0,190,205,2,au,ok_flex
2026-08-22,PER,AKL,Auckland,New Zealand,Australia & NZ,2026-09-21,2026-09-28,AUD,,,,,,,,,no_data
2026-08-22,PER,CHC,Christchurch,New Zealand,Australia & NZ,2026-09-21,2026-09-28,AUD,,,,,,,,,no_data
2026-08-22,PER,SIN,Singapore,Singapore,Southeast Asia,2026-09-04,2026-09-06,AUD,544.0,TR,0,1,320,405,3,au,ok_flex
2026-08-22,PER,KUL,Kuala Lumpur,Malaysia,Southeast Asia,2026-09-25,2026-10-04,AUD,745.0,AK,0,0,335,335,1,au,ok_flex
2026-08-22,PER,BKK,Bangkok,Thailand,Southeast Asia,2026-09-21,2026-09-28,AUD,,,,,,,,,no_data
2026-08-22,PER,CGK,Jakarta,Indonesia,Southeast Asia,2026-09-04,2026-09-06,AUD,674.0,TR,2,1,475,480,1,au,ok_flex
2026-08-22,PER,DPS,Denpasar,Indonesia,Southeast Asia,2026-09-07,2026-09-13,AUD,581.0,QZ,0,0,220,225,6,au,ok_flex
2026-08-22,PER,SGN,Ho Chi Minh City,Vietnam,Southeast Asia,2026-09-24,2026-10-04,AUD,923.0,TR,1,0,455,415,3,au,ok_flex
2026-08-22,PER,HAN,Hanoi,Vietnam,Southeast Asia,2026-09-28,2026-10-08,AUD,935.0,TR,2,2,570,560,1,au,ok_flex
2026-08-22,PER,MNL,Manila,Philippines,Southeast Asia,2026-09-13,2026-09-22,AUD,495.0,AK,1,1,570,535,3,au,ok_flex
2026-08-22,PER,HKG,Hong Kong,Hong Kong,East Asia,2026-09-07,2026-09-13,AUD,730.0,VJ,2,1,620,550,1,au,ok_flex
2026-08-22,PER,TPE,Taipei,Taiwan,East Asia,2026-09-21,2026-09-28,AUD,,,,,,,,,no_data
2026-08-22,PER,ICN,Seoul,South Korea,East Asia,2026-09-21,2026-09-28,AUD,,,,,,,,,no_data
2026-08-22,PER,NRT,Tokyo,Japan,East Asia,2026-09-21,2026-09-28,AUD,,,,,,,,,no_data
2026-08-22,PER,KIX,Osaka,Japan,East Asia,2026-09-21,2026-09-28,AUD,,,,,,,,,no_data
2026-08-22,PER,PVG,Shanghai,China,East Asia,2026-09-21,2026-09-28,AUD,,,,,,,,,no_data
2026-08-22,PER,PEK,Beijing,China,East Asia,2026-09-21,2026-09-28,AUD,,,,,,,,,no_data
2026-08-22,PER,CAN,Guangzhou,China,East Asia,2026-09-21,2026-09-28,AUD,,,,,,,,,no_data
2026-08-22,PER,DEL,Delhi,India,South Asia,2026-09-21,2026-09-28,AUD,,,,,,,,,no_data
2026-08-22,PER,BOM,Mumbai,India,South Asia,2026-09-21,2026-09-28,AUD,,,,,,,,,no_data
2026-08-22,PER,CMB,Colombo,Sri Lanka,South Asia,2026-09-21,2026-09-28,AUD,,,,,,,,,no_data
2026-08-22,PER,DXB,Dubai,United Arab Emirates,Middle East,2026-09-21,2026-09-28,AUD,,,,,,,,,no_data
2026-08-22,PER,DOH,Doha,Qatar,Middle East,2026-09-21,2026-09-28,AUD,,,,,,,,,no_data
2026-08-22,PER,AUH,Abu Dhabi,United Arab Emirates,Middle East,2026-09-21,2026-09-28,AUD,,,,,,,,,no_data
2026-08-22,PER,LHR,London,United Kingdom,Europe,2026-09-14,2026-09-28,AUD,1671.0,CZ,1,1,1230,1185,1,au,ok_flex
2026-08-22,PER,CDG,Paris,France,Europe,2026-09-21,2026-09-28,AUD,,,,,,,,,no_data
2026-08-22,PER,FRA,Frankfurt,Germany,Europe,2026-09-21,2026-09-28,AUD,,,,,,,,,no_data
2026-08-22,PER,AMS,Amsterdam,Netherlands,Europe,2026-09-21,2026-09-28,AUD,,,,,,,,,no_data
2026-08-22,PER,FCO,Rome,Italy,Europe,2026-09-21,2026-09-28,AUD,,,,,,,,,no_data
2026-08-22,PER,MAD,Madrid,Spain,Europe,2026-09-21,2026-09-28,AUD,,,,,,,,,no_data
2026-08-22,PER,IST,Istanbul,Turkey,Europe,2026-09-15,2026-09-23,AUD,1260.0,AK,1,1,1000,965,1,au,ok_flex
2026-08-22,PER,ZRH,Zurich,Switzerland,Europe,2026-09-21,2026-09-28,AUD,,,,,,,,,no_data
2026-08-22,PER,JNB,Johannesburg,South Africa,Africa,2026-09-21,2026-09-28,AUD,,,,,,,,,no_data
2026-08-22,PER,CAI,Cairo,Egypt,Africa,2026-09-21,2026-09-28,AUD,,,,,,,,,no_data
2026-08-22,PER,JFK,New York,United States,Americas,2026-09-08,2026-09-19,AUD,2406.0,JQ,2,2,1395,1580,1,au,ok_flex
2026-08-22,PER,LAX,Los Angeles,United States,Americas,2026-09-21,2026-09-28,AUD,,,,,,,,,no_data
2026-08-22,PER,SFO,San Francisco,United States,Americas,2026-09-21,2026-09-28,AUD,,,,,,,,,no_data
2026-08-22,PER,YVR,Vancouver,Canada,Americas,2026-09-08,2026-09-19,AUD,1931.0,JQ,2,3,1242,1490,1,au,ok_flex
2026-08-22,PER,YYZ,Toronto,Canada,Americas,2026-09-21,2026-09-28,AUD,,,,,,,,,no_data
2026-08-23,PER,SYD,Sydney,Australia,Australia & NZ,2026-09-12,2026-09-16,AUD,503.0,JQ,0,0,260,305,6,au,ok_flex
2026-08-23,PER,MEL,Melbourne,Australia,Australia & NZ,2026-09-12,2026-09-15,AUD,467.0,JQ,0,0,215,250,4,au,ok_flex
2026-08-23,PER,BNE,Brisbane,Australia,Australia & NZ,2026-09-22,2026-09-29,AUD,,,,,,,,,no_data
2026-08-23,PER,ADL,Adelaide,Australia,Australia & NZ,2026-09-17,2026-09-19,AUD,367.0,JQ,0,0,190,205,2,au,ok_flex
2026-08-23,PER,AKL,Auckland,New Zealand,Australia & NZ,2026-09-22,2026-09-29,AUD,,,,,,,,,no_data
2026-08-23,PER,CHC,Christchurch,New Zealand,Australia & NZ,2026-09-22,2026-09-29,AUD,,,,,,,,,no_data
2026-08-23,PER,SIN,Singapore,Singapore,Southeast Asia,2026-09-15,2026-09-19,AUD,442.0,JQ,0,0,330,325,5,au,ok_flex
2026-08-23,PER,KUL,Kuala Lumpur,Malaysia,Southeast Asia,2026-09-25,2026-10-04,AUD,746.0,AK,0,0,335,335,1,au,ok_flex
2026-08-23,PER,BKK,Bangkok,Thailand,Southeast Asia,2026-09-22,2026-09-29,AUD,,,,,,,,,no_data
2026-08-23,PER,CGK,Jakarta,Indonesia,Southeast Asia,2026-09-04,2026-09-06,AUD,674.0,TR,2,1,475,480,1,au,ok_flex
2026-08-23,PER,DPS,Denpasar,Indonesia,Southeast Asia,2026-09-07,2026-09-13,AUD,581.0,QZ,0,0,220,225,6,au,ok_flex
2026-08-23,PER,SGN,Ho Chi Minh City,Vietnam,Southeast Asia,2026-09-25,2026-10-04,AUD,905.0,TR,1,0,455,415,3,au,ok_flex
2026-08-23,PER,HAN,Hanoi,Vietnam,Southeast Asia,2026-09-28,2026-10-08,AUD,935.0,TR,2,2,570,560,1,au,ok_flex
2026-08-23,PER,MNL,Manila,Philippines,Southeast Asia,2026-09-13,2026-09-22,AUD,495.0,AK,1,1,570,535,4,au,ok_flex
2026-08-23,PER,HKG,Hong Kong,Hong Kong,East Asia,2026-09-07,2026-09-13,AUD,730.0,VJ,2,1,620,550,1,au,ok_flex
2026-08-23,PER,TPE,Taipei,Taiwan,East Asia,2026-09-22,2026-09-29,AUD,,,,,,,,,no_data
2026-08-23,PER,ICN,Seoul,South Korea,East Asia,2026-09-22,2026-09-29,AUD,,,,,,,,,no_data
2026-08-23,PER,NRT,Tokyo,Japan,East Asia,2026-09-22,2026-09-29,AUD,,,,,,,,,no_data
2026-08-23,PER,KIX,Osaka,Japan,East Asia,2026-09-22,2026-09-29,AUD,,,,,,,,,no_data
2026-08-23,PER,PVG,Shanghai,China,East Asia,2026-09-22,2026-09-29,AUD,,,,,,,,,no_data
2026-08-23,PER,PEK,Beijing,China,East Asia,2026-09-22,2026-09-29,AUD,,,,,,,,,no_data
2026-08-23,PER,CAN,Guangzhou,China,East Asia,2026-09-22,2026-09-29,AUD,,,,,,,,,no_data
2026-08-23,PER,DEL,Delhi,India,South Asia,2026-09-22,2026-09-29,AUD,,,,,,,,,no_data
2026-08-23,PER,BOM,Mumbai,India,South Asia,2026-09-22,2026-09-29,AUD,,,,,,,,,no_data
2026-08-23,PER,CMB,Colombo,Sri Lanka,South Asia,2026-09-22,2026-09-29,AUD,,,,,,,,,no_data
2026-08-23,PER,DXB,Dubai,United Arab Emirates,Middle East,2026-09-22,2026-09-29,AUD,,,,,,,,,no_data
2026-08-23,PER,DOH,Doha,Qatar,Middle East,2026-09-22,2026-09-29,AUD,,,,,,,,,no_data
2026-08-23,PER,AUH,Abu Dhabi,United Arab Emirates,Middle East,2026-09-22,2026-09-29,AUD,,,,,,,,,no_data
2026-08-23,PER,LHR,London,United Kingdom,Europe,2026-09-22,2026-09-29,AUD,,,,,,,,,no_data
2026-08-23,PER,CDG,Paris,France,Europe,2026-09-22,2026-09-29,AUD,,,,,,,,,no_data
2026-08-23,PER,FRA,Frankfurt,Germany,Europe,2026-09-22,2026-09-29,AUD,,,,,,,,,no_data
2026-08-23,PER,AMS,Amsterdam,Netherlands,Europe,2026-09-22,2026-09-29,AUD,,,,,,,,,no_data
2026-08-23,PER,FCO,Rome,Italy,Europe,2026-09-22,2026-09-29,AUD,,,,,,,,,no_data
2026-08-23,PER,MAD,Madrid,Spain,Europe,2026-09-22,2026-09-29,AUD,,,,,,,,,no_data
2026-08-23,PER,IST,Istanbul,Turkey,Europe,2026-09-15,2026-09-23,AUD,1260.0,AK,1,1,1000,965,1,au,ok_flex
2026-08-23,PER,ZRH,Zurich,Switzerland,Europe,2026-09-22,2026-09-29,AUD,,,,,,,,,no_data
2026-08-23,PER,JNB,Johannesburg,South Africa,Africa,2026-09-22,2026-09-29,AUD,,,,,,,,,no_data
2026-08-23,PER,CAI,Cairo,Egypt,Africa,2026-09-22,2026-09-29,AUD,,,,,,,,,no_data
2026-08-23,PER,JFK,New York,United States,Americas,2026-09-08,2026-09-19,AUD,2406.0,JQ,2,2,1395,1580,1,au,ok_flex
2026-08-23,PER,LAX,Los Angeles,United States,Americas,2026-09-22,2026-09-29,AUD,,,,,,,,,no_data
2026-08-23,PER,SFO,San Francisco,United States,Americas,2026-09-22,2026-09-29,AUD,,,,,,,,,no_data
2026-08-23,PER,YVR,Vancouver,Canada,Americas,2026-09-08,2026-09-19,AUD,1931.0,JQ,2,3,1242,1490,1,au,ok_flex
2026-08-23,PER,YYZ,Toronto,Canada,Americas,2026-09-22,2026-09-29,AUD,,,,,,,,,no_data
2026-08-24,PER,SYD,Sydney,Australia,Australia & NZ,2026-09-12,2026-09-16,AUD,503.0,JQ,0,0,260,305,7,au,ok_flex
2026-08-24,PER,MEL,Melbourne,Australia,Australia & NZ,2026-09-12,2026-09-15,AUD,467.0,JQ,0,0,215,250,4,au,ok_flex
2026-08-24,PER,BNE,Brisbane,Australia,Australia & NZ,2026-09-23,2026-09-30,AUD,,,,,,,,,no_data
2026-08-24,PER,ADL,Adelaide,Australia,Australia & NZ,2026-09-17,2026-09-19,AUD,367.0,JQ,0,0,190,205,2,au,ok_flex
2026-08-24,PER,AKL,Auckland,New Zealand,Australia & NZ,2026-09-23,2026-09-30,AUD,,,,,,,,,no_data
2026-08-24,PER,CHC,Christchurch,New Zealand,Australia & NZ,2026-09-23,2026-09-30,AUD,,,,,,,,,no_data
2026-08-24,PER,SIN,Singapore,Singapore,Southeast Asia,2026-09-15,2026-09-19,AUD,442.0,JQ,0,0,330,325,5,au,ok_flex
2026-08-24,PER,KUL,Kuala Lumpur,Malaysia,Southeast Asia,2026-09-25,2026-10-04,AUD,746.0,AK,0,0,335,335,1,au,ok_flex
2026-08-24,PER,BKK,Bangkok,Thailand,Southeast Asia,2026-09-23,2026-09-30,AUD,,,,,,,,,no_data
2026-08-24,PER,CGK,Jakarta,Indonesia,Southeast Asia,2026-09-04,2026-09-06,AUD,674.0,TR,2,1,475,480,1,au,ok_flex
2026-08-24,PER,DPS,Denpasar,Indonesia,Southeast Asia,2026-09-07,2026-09-13,AUD,581.0,QZ,0,0,220,225,9,au,ok_flex
2026-08-24,PER,SGN,Ho Chi Minh City,Vietnam,Southeast Asia,2026-09-25,2026-10-04,AUD,905.0,TR,1,0,455,415,3,au,ok_flex
2026-08-24,PER,HAN,Hanoi,Vietnam,Southeast Asia,2026-09-28,2026-10-08,AUD,935.0,TR,2,2,570,560,1,au,ok_flex
2026-08-24,PER,MNL,Manila,Philippines,Southeast Asia,2026-09-13,2026-09-22,AUD,495.0,AK,1,1,570,535,7,au,ok_flex
2026-08-24,PER,HKG,Hong Kong,Hong Kong,East Asia,2026-09-07,2026-09-13,AUD,730.0,VJ,2,1,620,550,1,au,ok_flex
2026-08-24,PER,TPE,Taipei,Taiwan,East Asia,2026-09-23,2026-09-30,AUD,,,,,,,,,no_data
2026-08-24,PER,ICN,Seoul,South Korea,East Asia,2026-09-23,2026-09-30,AUD,,,,,,,,,no_data
2026-08-24,PER,NRT,Tokyo,Japan,East Asia,2026-09-23,2026-09-30,AUD,,,,,,,,,no_data
2026-08-24,PER,KIX,Osaka,Japan,East Asia,2026-09-23,2026-09-30,AUD,,,,,,,,,no_data
2026-08-24,PER,PVG,Shanghai,China,East Asia,2026-09-23,2026-09-30,AUD,,,,,,,,,no_data
2026-08-24,PER,PEK,Beijing,China,East Asia,2026-09-23,2026-09-30,AUD,,,,,,,,,no_data
2026-08-24,PER,CAN,Guangzhou,China,East Asia,2026-09-23,2026-09-30,AUD,,,,,,,,,no_data
2026-08-24,PER,DEL,Delhi,India,South Asia,2026-09-23,2026-09-30,AUD,,,,,,,,,no_data
2026-08-24,PER,BOM,Mumbai,India,South Asia,2026-09-23,2026-09-30,AUD,,,,,,,,,no_data
2026-08-24,PER,CMB,Colombo,Sri Lanka,South Asia,2026-09-23,2026-09-30,AUD,,,,,,,,,no_data
2026-08-24,PER,DXB,Dubai,United Arab Emirates,Middle East,2026-09-23,2026-09-30,AUD,,,,,,,,,no_data
2026-08-24,PER,DOH,Doha,Qatar,Middle East,2026-09-23,2026-09-30,AUD,,,,,,,,,no_data
2026-08-24,PER,AUH,Abu Dhabi,United Arab Emirates,Middle East,2026-09-23,2026-09-30,AUD,,,,,,,,,no_data
2026-08-24,PER,LHR,London,United Kingdom,Europe,2026-09-23,2026-09-30,AUD,,,,,,,,,no_data
2026-08-24,PER,CDG,Paris,France,Europe,2026-09-23,2026-09-30,AUD,,,,,,,,,no_data
2026-08-24,PER,FRA,Frankfurt,Germany,Europe,2026-09-23,2026-09-30,AUD,,,,,,,,,no_data
2026-08-24,PER,AMS,Amsterdam,Netherlands,Europe,2026-09-23,2026-09-30,AUD,,,,,,,,,no_data
2026-08-24,PER,FCO,Rome,Italy,Europe,2026-09-23,2026-09-30,AUD,,,,,,,,,no_data
2026-08-24,PER,MAD,Madrid,Spain,Europe,2026-09-23,2026-09-30,AUD,,,,,,,,,no_data
2026-08-24,PER,IST,Istanbul,Turkey,Europe,2026-09-15,2026-09-23,AUD,1260.0,AK,1,1,1000,965,1,au,ok_flex
2026-08-24,PER,ZRH,Zurich,Switzerland,Europe,2026-09-23,2026-09-30,AUD,,,,,,,,,no_data
2026-08-24,PER,JNB,Johannesburg,South Africa,Africa,2026-09-23,2026-09-30,AUD,,,,,,,,,no_data
2026-08-24,PER,CAI,Cairo,Egypt,Africa,2026-09-23,2026-09-30,AUD,,,,,,,,,no_data
2026-08-24,PER,JFK,New York,United States,Americas,2026-09-08,2026-09-19,AUD,2406.0,JQ,2,2,1395,1580,1,au,ok_flex
2026-08-24,PER,LAX,Los Angeles,United States,Americas,2026-09-23,2026-09-30,AUD,,,,,,,,,no_data
2026-08-24,PER,SFO,San Francisco,United States,Americas,2026-09-23,2026-09-30,AUD,,,,,,,,,no_data
2026-08-24,PER,YVR,Vancouver,Canada,Americas,2026-09-08,2026-09-19,AUD,1931.0,JQ,2,3,1242,1490,1,au,ok_flex
2026-08-24,PER,YYZ,Toronto,Canada,Americas,2026-09-23,2026-09-30,AUD,,,,,,,,,no_data
2026-08-25,PER,SYD,Sydney,Australia,Australia & NZ,2026-09-12,2026-09-16,AUD,503.0,JQ,0,0,260,305,5,au,ok_flex
2026-08-25,PER,MEL,Melbourne,Australia,Australia & NZ,2026-09-12,2026-09-15,AUD,467.0,JQ,0,0,215,250,4,au,ok_flex
2026-08-25,PER,BNE,Brisbane,Australia,Australia & NZ,2026-09-04,2026-09-11,AUD,687.0,JQ,0,0,265,330,1,au,ok_flex
2026-08-25,PER,ADL,Adelaide,Australia,Australia & NZ,2026-09-17,2026-09-19,AUD,367.0,JQ,0,0,190,205,2,au,ok_flex
2026-08-25,PER,AKL,Auckland,New Zealand,Australia & NZ,2026-09-24,2026-10-01,AUD,,,,,,,,,no_data
2026-08-25,PER,CHC,Christchurch,New Zealand,Australia & NZ,2026-09-24,2026-10-01,AUD,,,,,,,,,no_data
2026-08-25,PER,SIN,Singapore,Singapore,Southeast Asia,2026-09-15,2026-09-19,AUD,442.0,JQ,0,0,330,325,5,au,ok_flex
2026-08-25,PER,KUL,Kuala Lumpur,Malaysia,Southeast Asia,2026-09-25,2026-10-04,AUD,844.0,AK,0,0,335,335,1,au,ok_flex
2026-08-25,PER,BKK,Bangkok,Thailand,Southeast Asia,2026-09-24,2026-10-01,AUD,769.0,VJ,1,1,485,470,21,default,ok
2026-08-25,PER,CGK,Jakarta,Indonesia,Southeast Asia,2026-09-04,2026-09-06,AUD,674.0,TR,2,1,475,480,1,au,ok_flex
2026-08-25,PER,DPS,Denpasar,Indonesia,Southeast Asia,2026-09-24,2026-10-01,AUD,937.0,TR,2,0,585,225,14,default,ok
2026-08-25,PER,SGN,Ho Chi Minh City,Vietnam,Southeast Asia,2026-09-24,2026-10-01,AUD,807.0,TR,1,1,455,430,13,default,ok
2026-08-25,PER,HAN,Hanoi,Vietnam,Southeast Asia,2026-09-28,2026-10-08,AUD,935.0,TR,2,2,570,560,1,au,ok_flex
2026-08-25,PER,MNL,Manila,Philippines,Southeast Asia,2026-09-24,2026-10-01,AUD,895.0,TR,2,1,665,535,13,default,ok
2026-08-25,PER,HKG,Hong Kong,Hong Kong,East Asia,2026-09-07,2026-09-13,AUD,730.0,VJ,2,1,620,550,1,au,ok_flex
2026-08-25,PER,TPE,Taipei,Taiwan,East Asia,2026-09-24,2026-10-01,AUD,,,,,,,,,no_data
2026-08-25,PER,ICN,Seoul,South Korea,East Asia,2026-09-24,2026-10-01,AUD,,,,,,,,,no_data
2026-08-25,PER,NRT,Tokyo,Japan,East Asia,2026-09-24,2026-10-01,AUD,,,,,,,,,no_data
2026-08-25,PER,KIX,Osaka,Japan,East Asia,2026-09-24,2026-10-01,AUD,,,,,,,,,no_data
2026-08-25,PER,PVG,Shanghai,China,East Asia,2026-09-24,2026-10-01,AUD,,,,,,,,,no_data
2026-08-25,PER,PEK,Beijing,China,East Asia,2026-09-24,2026-10-01,AUD,,,,,,,,,no_data
2026-08-25,PER,CAN,Guangzhou,China,East Asia,2026-09-24,2026-10-01,AUD,,,,,,,,,no_data
2026-08-25,PER,DEL,Delhi,India,South Asia,2026-09-24,2026-10-01,AUD,,,,,,,,,no_data
2026-08-25,PER,BOM,Mumbai,India,South Asia,2026-09-24,2026-10-01,AUD,,,,,,,,,no_data
2026-08-25,PER,CMB,Colombo,Sri Lanka,South Asia,2026-09-24,2026-10-01,AUD,,,,,,,,,no_data
2026-08-25,PER,DXB,Dubai,United Arab Emirates,Middle East,2026-09-24,2026-10-01,AUD,,,,,,,,,no_data
2026-08-25,PER,DOH,Doha,Qatar,Middle East,2026-09-24,2026-10-01,AUD,,,,,,,,,no_data
2026-08-25,PER,AUH,Abu Dhabi,United Arab Emirates,Middle East,2026-09-24,2026-10-01,AUD,,,,,,,,,no_data
2026-08-25,PER,LHR,London,United Kingdom,Europe,2026-09-24,2026-10-01,AUD,,,,,,,,,no_data
2026-08-25,PER,CDG,Paris,France,Europe,2026-09-24,2026-10-01,AUD,,,,,,,,,no_data
2026-08-25,PER,FRA,Frankfurt,Germany,Europe,2026-09-24,2026-10-01,AUD,,,,,,,,,no_data
2026-08-25,PER,AMS,Amsterdam,Netherlands,Europe,2026-09-24,2026-10-01,AUD,,,,,,,,,no_data
2026-08-25,PER,FCO,Rome,Italy,Europe,2026-09-24,2026-10-01,AUD,,,,,,,,,no_data
2026-08-25,PER,MAD,Madrid,Spain,Europe,2026-09-24,2026-10-01,AUD,,,,,,,,,no_data
2026-08-25,PER,IST,Istanbul,Turkey,Europe,2026-09-15,2026-09-23,AUD,1260.0,AK,1,1,1000,965,1,au,ok_flex
2026-08-25,PER,ZRH,Zurich,Switzerland,Europe,2026-09-24,2026-10-01,AUD,,,,,,,,,no_data
2026-08-25,PER,JNB,Johannesburg,South Africa,Africa,2026-09-24,2026-10-01,AUD,,,,,,,,,no_data
2026-08-25,PER,CAI,Cairo,Egypt,Africa,2026-09-24,2026-10-01,AUD,,,,,,,,,no_data
2026-08-25,PER,JFK,New York,United States,Americas,2026-09-08,2026-09-19,AUD,2406.0,JQ,2,2,1395,1580,1,au,ok_flex
2026-08-25,PER,LAX,Los Angeles,United States,Americas,2026-09-24,2026-10-01,AUD,,,,,,,,,no_data
2026-08-25,PER,SFO,San Francisco,United States,Americas,2026-09-24,2026-10-01,AUD,,,,,,,,,no_data
2026-08-25,PER,YVR,Vancouver,Canada,Americas,2026-09-08,2026-09-19,AUD,1931.0,JQ,2,3,1242,1490,1,au,ok_flex
2026-08-25,PER,YYZ,Toronto,Canada,Americas,2026-09-24,2026-10-01,AUD,,,,,,,,,no_data
2026-08-26,PER,SYD,Sydney,Australia,Australia & NZ,2026-09-12,2026-09-16,AUD,503.0,JQ,0,0,260,305,5,au,ok_flex
2026-08-26,PER,MEL,Melbourne,Australia,Australia & NZ,2026-09-12,2026-09-15,AUD,445.0,JQ,0,0,215,250,4,au,ok_flex
2026-08-26,PER,BNE,Brisbane,Australia,Australia & NZ,2026-09-04,2026-09-11,AUD,686.0,JQ,0,0,265,330,1,au,ok_flex
2026-08-26,PER,ADL,Adelaide,Australia,Australia & NZ,2026-09-17,2026-09-19,AUD,367.0,JQ,0,0,190,205,2,au,ok_flex
2026-08-26,PER,AKL,Auckland,New Zealand,Australia & NZ,2026-09-25,2026-10-02,AUD,,,,,,,,,no_data
2026-08-26,PER,CHC,Christchurch,New Zealand,Australia & NZ,2026-09-25,2026-10-02,AUD,,,,,,,,,no_data
2026-08-26,PER,SIN,Singapore,Singapore,Southeast Asia,2026-09-15,2026-09-19,AUD,442.0,JQ,0,0,330,325,5,au,ok_flex
2026-08-26,PER,KUL,Kuala Lumpur,Malaysia,Southeast Asia,2026-09-25,2026-10-04,AUD,844.0,AK,0,0,335,335,1,au,ok_flex
2026-08-26,PER,BKK,Bangkok,Thailand,Southeast Asia,2026-09-24,2026-10-01,AUD,769.0,VJ,1,1,485,470,2,au,ok_flex
2026-08-26,PER,CGK,Jakarta,Indonesia,Southeast Asia,2026-09-04,2026-09-06,AUD,674.0,TR,2,1,475,480,2,au,ok_flex
2026-08-26,PER,DPS,Denpasar,Indonesia,Southeast Asia,2026-09-07,2026-09-13,AUD,581.0,QZ,0,0,220,225,9,au,ok_flex
2026-08-26,PER,SGN,Ho Chi Minh City,Vietnam,Southeast Asia,2026-09-03,2026-09-07,AUD,559.0,TR,2,0,510,415,8,au,ok_flex
2026-08-26,PER,HAN,Hanoi,Vietnam,Southeast Asia,2026-09-28,2026-10-08,AUD,935.0,TR,2,2,570,560,1,au,ok_flex
2026-08-26,PER,MNL,Manila,Philippines,Southeast Asia,2026-09-17,2026-09-25,AUD,646.0,TR,1,0,560,430,6,au,ok_flex
2026-08-26,PER,HKG,Hong Kong,Hong Kong,East Asia,2026-09-07,2026-09-13,AUD,730.0,VJ,2,1,620,550,1,au,ok_flex
2026-08-26,PER,TPE,Taipei,Taiwan,East Asia,2026-09-25,2026-10-02,AUD,,,,,,,,,no_data
2026-08-26,PER,ICN,Seoul,South Korea,East Asia,2026-09-25,2026-10-02,AUD,,,,,,,,,no_data
2026-08-26,PER,NRT,Tokyo,Japan,East Asia,2026-09-25,2026-10-02,AUD,,,,,,,,,no_data
2026-08-26,PER,KIX,Osaka,Japan,East Asia,2026-09-25,2026-10-02,AUD,,,,,,,,,no_data
2026-08-26,PER,PVG,Shanghai,China,East Asia,2026-09-25,2026-10-02,AUD,,,,,,,,,no_data
2026-08-26,PER,PEK,Beijing,China,East Asia,2026-09-25,2026-10-02,AUD,,,,,,,,,no_data
2026-08-26,PER,CAN,Guangzhou,China,East Asia,2026-09-25,2026-10-02,AUD,,,,,,,,,no_data
2026-08-26,PER,DEL,Delhi,India,South Asia,2026-09-25,2026-10-02,AUD,,,,,,,,,no_data
2026-08-26,PER,BOM,Mumbai,India,South Asia,2026-09-25,2026-10-02,AUD,,,,,,,,,no_data
2026-08-26,PER,CMB,Colombo,Sri Lanka,South Asia,2026-09-25,2026-10-02,AUD,,,,,,,,,no_data
2026-08-26,PER,DXB,Dubai,United Arab Emirates,Middle East,2026-09-25,2026-10-02,AUD,,,,,,,,,no_data
2026-08-26,PER,DOH,Doha,Qatar,Middle East,2026-09-25,2026-10-02,AUD,,,,,,,,,no_data
2026-08-26,PER,AUH,Abu Dhabi,United Arab Emirates,Middle East,2026-09-25,2026-10-02,AUD,,,,,,,,,no_data
2026-08-26,PER,LHR,London,United Kingdom,Europe,2026-09-25,2026-10-02,AUD,,,,,,,,,no_data
2026-08-26,PER,CDG,Paris,France,Europe,2026-09-25,2026-10-02,AUD,,,,,,,,,no_data
2026-08-26,PER,FRA,Frankfurt,Germany,Europe,2026-09-25,2026-10-02,AUD,,,,,,,,,no_data
2026-08-26,PER,AMS,Amsterdam,Netherlands,Europe,2026-09-25,2026-10-02,AUD,,,,,,,,,no_data
2026-08-26,PER,FCO,Rome,Italy,Europe,2026-09-25,2026-10-02,AUD,,,,,,,,,no_data
2026-08-26,PER,MAD,Madrid,Spain,Europe,2026-09-25,2026-10-02,AUD,,,,,,,,,no_data
2026-08-26,PER,IST,Istanbul,Turkey,Europe,2026-09-15,2026-09-23,AUD,1260.0,AK,1,1,1000,965,1,au,ok_flex
2026-08-26,PER,ZRH,Zurich,Switzerland,Europe,2026-09-25,2026-10-02,AUD,,,,,,,,,no_data
2026-08-26,PER,JNB,Johannesburg,South Africa,Africa,2026-09-09,2026-09-20,AUD,2080.0,TR,2,3,1240,1350,1,au,ok_flex
2026-08-26,PER,CAI,Cairo,Egypt,Africa,2026-09-25,2026-10-02,AUD,,,,,,,,,no_data
2026-08-26,PER,JFK,New York,United States,Americas,2026-09-25,2026-10-02,AUD,,,,,,,,,no_data
2026-08-26,PER,LAX,Los Angeles,United States,Americas,2026-09-25,2026-10-02,AUD,,,,,,,,,no_data
2026-08-26,PER,SFO,San Francisco,United States,Americas,2026-09-25,2026-10-02,AUD,,,,,,,,,no_data
2026-08-26,PER,YVR,Vancouver,Canada,Americas,2026-09-25,2026-10-02,AUD,,,,,,,,,no_data
2026-08-26,PER,YYZ,Toronto,Canada,Americas,2026-09-25,2026-10-02,AUD,,,,,,,,,no_data
2026-08-27,PER,SYD,Sydney,Australia,Australia & NZ,2026-09-09,2026-09-16,AUD,579.0,JQ,0,0,245,305,2,au,ok_flex
2026-08-27,PER,MEL,Melbourne,Australia,Australia & NZ,2026-09-12,2026-09-15,AUD,445.0,JQ,0,0,215,250,5,au,ok_flex
2026-08-27,PER,BNE,Brisbane,Australia,Australia & NZ,2026-09-04,2026-09-11,AUD,686.0,JQ,0,0,265,330,1,au,ok_flex
2026-08-27,PER,ADL,Adelaide,Australia,Australia & NZ,2026-09-17,2026-09-19,AUD,367.0,JQ,0,0,190,205,2,au,ok_flex
2026-08-27,PER,AKL,Auckland,New Zealand,Australia & NZ,2026-09-26,2026-10-03,AUD,,,,,,,,,no_data
2026-08-27,PER,CHC,Christchurch,New Zealand,Australia & NZ,2026-09-26,2026-10-03,AUD,,,,,,,,,no_data
2026-08-27,PER,SIN,Singapore,Singapore,Southeast Asia,2026-09-15,2026-09-19,AUD,442.0,JQ,0,0,330,325,5,au,ok_flex
2026-08-27,PER,KUL,Kuala Lumpur,Malaysia,Southeast Asia,2026-09-25,2026-10-04,AUD,844.0,AK,0,0,335,335,1,au,ok_flex
2026-08-27,PER,BKK,Bangkok,Thailand,Southeast Asia,2026-09-24,2026-10-01,AUD,769.0,VJ,1,1,485,470,2,au,ok_flex
2026-08-27,PER,CGK,Jakarta,Indonesia,Southeast Asia,2026-09-04,2026-09-06,AUD,674.0,TR,2,1,475,480,2,au,ok_flex
2026-08-27,PER,DPS,Denpasar,Indonesia,Southeast Asia,2026-09-07,2026-09-13,AUD,581.0,QZ,0,0,220,225,9,au,ok_flex
2026-08-27,PER,SGN,Ho Chi Minh City,Vietnam,Southeast Asia,2026-09-03,2026-09-07,AUD,558.0,TR,2,0,510,415,8,au,ok_flex
2026-08-27,PER,HAN,Hanoi,Vietnam,Southeast Asia,2026-09-28,2026-10-08,AUD,935.0,TR,2,2,570,560,1,au,ok_flex
2026-08-27,PER,MNL,Manila,Philippines,Southeast Asia,2026-09-01,2026-09-08,AUD,591.0,TR,1,1,560,535,6,au,ok_flex
2026-08-27,PER,HKG,Hong Kong,Hong Kong,East Asia,2026-09-26,2026-10-03,AUD,,,,,,,,,no_data
2026-08-27,PER,TPE,Taipei,Taiwan,East Asia,2026-09-26,2026-10-03,AUD,,,,,,,,,no_data
2026-08-27,PER,ICN,Seoul,South Korea,East Asia,2026-09-26,2026-10-03,AUD,,,,,,,,,no_data
2026-08-27,PER,NRT,Tokyo,Japan,East Asia,2026-09-26,2026-10-03,AUD,,,,,,,,,no_data
2026-08-27,PER,KIX,Osaka,Japan,East Asia,2026-09-26,2026-10-03,AUD,,,,,,,,,no_data
2026-08-27,PER,PVG,Shanghai,China,East Asia,2026-09-26,2026-10-03,AUD,,,,,,,,,no_data
2026-08-27,PER,PEK,Beijing,China,East Asia,2026-09-26,2026-10-03,AUD,,,,,,,,,no_data
2026-08-27,PER,CAN,Guangzhou,China,East Asia,2026-09-26,2026-10-03,AUD,,,,,,,,,no_data
2026-08-27,PER,DEL,Delhi,India,South Asia,2026-09-26,2026-10-03,AUD,,,,,,,,,no_data
2026-08-27,PER,BOM,Mumbai,India,South Asia,2026-09-26,2026-10-03,AUD,,,,,,,,,no_data
2026-08-27,PER,CMB,Colombo,Sri Lanka,South Asia,2026-09-26,2026-10-03,AUD,,,,,,,,,no_data
2026-08-27,PER,DXB,Dubai,United Arab Emirates,Middle East,2026-09-26,2026-10-03,AUD,,,,,,,,,no_data
2026-08-27,PER,DOH,Doha,Qatar,Middle East,2026-09-26,2026-10-03,AUD,,,,,,,,,no_data
2026-08-27,PER,AUH,Abu Dhabi,United Arab Emirates,Middle East,2026-09-26,2026-10-03,AUD,,,,,,,,,no_data
2026-08-27,PER,LHR,London,United Kingdom,Europe,2026-09-26,2026-10-03,AUD,,,,,,,,,no_data
2026-08-27,PER,CDG,Paris,France,Europe,2026-09-26,2026-10-03,AUD,,,,,,,,,no_data
2026-08-27,PER,FRA,Frankfurt,Germany,Europe,2026-09-26,2026-10-03,AUD,,,,,,,,,no_data
2026-08-27,PER,AMS,Amsterdam,Netherlands,Europe,2026-09-26,2026-10-03,AUD,,,,,,,,,no_data
2026-08-27,PER,FCO,Rome,Italy,Europe,2026-09-26,2026-10-03,AUD,,,,,,,,,no_data
2026-08-27,PER,MAD,Madrid,Spain,Europe,2026-09-26,2026-10-03,AUD,,,,,,,,,no_data
2026-08-27,PER,IST,Istanbul,Turkey,Europe,2026-09-26,2026-10-03,AUD,,,,,,,,,no_data
2026-08-27,PER,ZRH,Zurich,Switzerland,Europe,2026-09-26,2026-10-03,AUD,,,,,,,,,no_data
2026-08-27,PER,JNB,Johannesburg,South Africa,Africa,2026-09-09,2026-09-20,AUD,2079.0,TR,2,3,1240,1350,1,au,ok_flex
2026-08-27,PER,CAI,Cairo,Egypt,Africa,2026-09-26,2026-10-03,AUD,,,,,,,,,no_data
2026-08-27,PER,JFK,New York,United States,Americas,2026-09-26,2026-10-03,AUD,,,,,,,,,no_data
2026-08-27,PER,LAX,Los Angeles,United States,Americas,2026-09-26,2026-10-03,AUD,,,,,,,,,no_data
2026-08-27,PER,SFO,San Francisco,United States,Americas,2026-09-26,2026-10-03,AUD,,,,,,,,,no_data
2026-08-27,PER,YVR,Vancouver,Canada,Americas,2026-09-26,2026-10-03,AUD,,,,,,,,,no_data
2026-08-27,PER,YYZ,Toronto,Canada,Americas,2026-09-26,2026-10-03,AUD,,,,,,,,,no_data
2026-08-28,PER,SYD,Sydney,Australia,Australia & NZ,2026-09-09,2026-09-16,AUD,579.0,JQ,0,0,245,305,2,au,ok_flex
2026-08-28,PER,MEL,Melbourne,Australia,Australia & NZ,2026-09-12,2026-09-15,AUD,445.0,JQ,0,0,215,250,6,au,ok_flex
2026-08-28,PER,BNE,Brisbane,Australia,Australia & NZ,2026-09-04,2026-09-11,AUD,686.0,JQ,0,0,265,330,1,au,ok_flex
2026-08-28,PER,ADL,Adelaide,Australia,Australia & NZ,2026-09-17,2026-09-19,AUD,367.0,JQ,0,0,190,205,2,au,ok_flex
2026-08-28,PER,AKL,Auckland,New Zealand,Australia & NZ,2026-09-27,2026-10-04,AUD,,,,,,,,,no_data
2026-08-28,PER,CHC,Christchurch,New Zealand,Australia & NZ,2026-09-27,2026-10-04,AUD,,,,,,,,,no_data
2026-08-28,PER,SIN,Singapore,Singapore,Southeast Asia,2026-09-15,2026-09-19,AUD,442.0,JQ,0,0,330,325,5,au,ok_flex
2026-08-28,PER,KUL,Kuala Lumpur,Malaysia,Southeast Asia,2026-09-25,2026-10-04,AUD,844.0,AK,0,0,335,335,1,au,ok_flex
2026-08-28,PER,BKK,Bangkok,Thailand,Southeast Asia,2026-09-03,2026-09-10,AUD,546.0,TR,1,1,475,460,3,au,ok_flex
2026-08-28,PER,CGK,Jakarta,Indonesia,Southeast Asia,2026-09-20,2026-10-01,AUD,734.0,OD,1,1,485,420,1,au,ok_flex
2026-08-28,PER,DPS,Denpasar,Indonesia,Southeast Asia,2026-09-20,2026-09-25,AUD,617.0,QZ,0,0,220,225,8,au,ok_flex
2026-08-28,PER,SGN,Ho Chi Minh City,Vietnam,Southeast Asia,2026-09-03,2026-09-07,AUD,558.0,TR,2,0,510,415,8,au,ok_flex
2026-08-28,PER,HAN,Hanoi,Vietnam,Southeast Asia,2026-09-27,2026-10-04,AUD,,,,,,,,,no_data
2026-08-28,PER,MNL,Manila,Philippines,Southeast Asia,2026-09-01,2026-09-08,AUD,591.0,TR,1,1,560,535,6,au,ok_flex
2026-08-28,PER,HKG,Hong Kong,Hong Kong,East Asia,2026-09-27,2026-10-04,AUD,,,,,,,,,no_data
2026-08-28,PER,TPE,Taipei,Taiwan,East Asia,2026-09-27,2026-10-04,AUD,,,,,,,,,no_data
2026-08-28,PER,ICN,Seoul,South Korea,East Asia,2026-09-27,2026-10-04,AUD,,,,,,,,,no_data
2026-08-28,PER,NRT,Tokyo,Japan,East Asia,2026-09-27,2026-10-04,AUD,,,,,,,,,no_data
2026-08-28,PER,KIX,Osaka,Japan,East Asia,2026-09-27,2026-10-04,AUD,,,,,,,,,no_data
2026-08-28,PER,PVG,Shanghai,China,East Asia,2026-09-27,2026-10-04,AUD,,,,,,,,,no_data
2026-08-28,PER,PEK,Beijing,China,East Asia,2026-09-27,2026-10-04,AUD,,,,,,,,,no_data
2026-08-28,PER,CAN,Guangzhou,China,East Asia,2026-09-27,2026-10-04,AUD,,,,,,,,,no_data
2026-08-28,PER,DEL,Delhi,India,South Asia,2026-09-27,2026-10-04,AUD,,,,,,,,,no_data
2026-08-28,PER,BOM,Mumbai,India,South Asia,2026-09-27,2026-10-04,AUD,,,,,,,,,no_data
2026-08-28,PER,CMB,Colombo,Sri Lanka,South Asia,2026-09-27,2026-10-04,AUD,,,,,,,,,no_data
2026-08-28,PER,DXB,Dubai,United Arab Emirates,Middle East,2026-09-27,2026-10-04,AUD,,,,,,,,,no_data
2026-08-28,PER,DOH,Doha,Qatar,Middle East,2026-09-27,2026-10-04,AUD,,,,,,,,,no_data
2026-08-28,PER,AUH,Abu Dhabi,United Arab Emirates,Middle East,2026-09-27,2026-10-04,AUD,,,,,,,,,no_data
2026-08-28,PER,LHR,London,United Kingdom,Europe,2026-09-27,2026-10-04,AUD,,,,,,,,,no_data
2026-08-28,PER,CDG,Paris,France,Europe,2026-09-27,2026-10-04,AUD,,,,,,,,,no_data
2026-08-28,PER,FRA,Frankfurt,Germany,Europe,2026-09-27,2026-10-04,AUD,,,,,,,,,no_data
2026-08-28,PER,AMS,Amsterdam,Netherlands,Europe,2026-09-27,2026-10-04,AUD,,,,,,,,,no_data
2026-08-28,PER,FCO,Rome,Italy,Europe,2026-09-27,2026-10-04,AUD,,,,,,,,,no_data
2026-08-28,PER,MAD,Madrid,Spain,Europe,2026-09-27,2026-10-04,AUD,,,,,,,,,no_data
2026-08-28,PER,IST,Istanbul,Turkey,Europe,2026-09-27,2026-10-04,AUD,,,,,,,,,no_data
2026-08-28,PER,ZRH,Zurich,Switzerland,Europe,2026-09-27,2026-10-04,AUD,,,,,,,,,no_data
2026-08-28,PER,JNB,Johannesburg,South Africa,Africa,2026-09-11,2026-09-20,AUD,1928.0,MH,2,2,1380,1240,2,au,ok_flex
2026-08-28,PER,CAI,Cairo,Egypt,Africa,2026-09-27,2026-10-04,AUD,,,,,,,,,no_data
2026-08-28,PER,JFK,New York,United States,Americas,2026-09-27,2026-10-04,AUD,,,,,,,,,no_data
2026-08-28,PER,LAX,Los Angeles,United States,Americas,2026-09-27,2026-10-04,AUD,,,,,,,,,no_data
2026-08-28,PER,SFO,San Francisco,United States,Americas,2026-09-27,2026-10-04,AUD,,,,,,,,,no_data
2026-08-28,PER,YVR,Vancouver,Canada,Americas,2026-09-27,2026-10-04,AUD,,,,,,,,,no_data
2026-08-28,PER,YYZ,Toronto,Canada,Americas,2026-09-27,2026-10-04,AUD,,,,,,,,,no_data
2026-08-29,PER,SYD,Sydney,Australia,Australia & NZ,2026-09-09,2026-09-16,AUD,579.0,JQ,0,0,245,305,2,au,ok_flex
2026-08-29,PER,MEL,Melbourne,Australia,Australia & NZ,2026-09-12,2026-09-15,AUD,483.0,JQ,0,0,215,250,6,au,ok_flex
2026-08-29,PER,BNE,Brisbane,Australia,Australia & NZ,2026-09-04,2026-09-11,AUD,686.0,JQ,0,0,265,330,1,au,ok_flex
2026-08-29,PER,ADL,Adelaide,Australia,Australia & NZ,2026-09-26,2026-10-05,AUD,615.0,JQ,0,0,190,215,1,au,ok_flex
2026-08-29,PER,AKL,Auckland,New Zealand,Australia & NZ,2026-09-28,2026-10-05,AUD,,,,,,,,,no_data
2026-08-29,PER,CHC,Christchurch,New Zealand,Australia & NZ,2026-09-28,2026-10-05,AUD,,,,,,,,,no_data
2026-08-29,PER,SIN,Singapore,Singapore,Southeast Asia,2026-09-15,2026-09-19,AUD,442.0,JQ,0,0,330,325,4,au,ok_flex
2026-08-29,PER,KUL,Kuala Lumpur,Malaysia,Southeast Asia,2026-09-10,2026-09-18,AUD,396.0,AK,0,0,335,345,2,au,ok_flex
2026-08-29,PER,BKK,Bangkok,Thailand,Southeast Asia,2026-09-03,2026-09-10,AUD,546.0,TR,1,1,475,460,3,au,ok_flex
2026-08-29,PER,CGK,Jakarta,Indonesia,Southeast Asia,2026-09-20,2026-10-01,AUD,734.0,OD,1,1,485,420,1,au,ok_flex
2026-08-29,PER,DPS,Denpasar,Indonesia,Southeast Asia,2026-09-07,2026-09-19,AUD,574.0,8B,0,0,225,225,8,au,ok_flex
2026-08-29,PER,SGN,Ho Chi Minh City,Vietnam,Southeast Asia,2026-09-03,2026-09-07,AUD,558.0,TR,2,0,510,415,8,au,ok_flex
2026-08-29,PER,HAN,Hanoi,Vietnam,Southeast Asia,2026-09-28,2026-10-05,AUD,,,,,,,,,no_data
2026-08-29,PER,MNL,Manila,Philippines,Southeast Asia,2026-09-01,2026-09-08,AUD,591.0,TR,1,1,560,535,6,au,ok_flex
2026-08-29,PER,HKG,Hong Kong,Hong Kong,East Asia,2026-09-28,2026-10-05,AUD,,,,,,,,,no_data
2026-08-29,PER,TPE,Taipei,Taiwan,East Asia,2026-09-28,2026-10-05,AUD,,,,,,,,,no_data
2026-08-29,PER,ICN,Seoul,South Korea,East Asia,2026-09-28,2026-10-05,AUD,,,,,,,,,no_data
2026-08-29,PER,NRT,Tokyo,Japan,East Asia,2026-09-28,2026-10-05,AUD,,,,,,,,,no_data
2026-08-29,PER,KIX,Osaka,Japan,East Asia,2026-09-28,2026-10-05,AUD,,,,,,,,,no_data
2026-08-29,PER,PVG,Shanghai,China,East Asia,2026-09-28,2026-10-05,AUD,,,,,,,,,no_data
2026-08-29,PER,PEK,Beijing,China,East Asia,2026-09-28,2026-10-05,AUD,,,,,,,,,no_data
2026-08-29,PER,CAN,Guangzhou,China,East Asia,2026-09-28,2026-10-05,AUD,,,,,,,,,no_data
2026-08-29,PER,DEL,Delhi,India,South Asia,2026-09-08,2026-09-15,AUD,1013.0,CX,1,1,820,795,1,au,ok_flex
2026-08-29,PER,BOM,Mumbai,India,South Asia,2026-09-28,2026-10-05,AUD,,,,,,,,,no_data
2026-08-29,PER,CMB,Colombo,Sri Lanka,South Asia,2026-09-28,2026-10-05,AUD,,,,,,,,,no_data
2026-08-29,PER,DXB,Dubai,United Arab Emirates,Middle East,2026-09-27,2026-10-04,AUD,1573.0,OD,1,2,765,835,1,au,ok_flex
2026-08-29,PER,DOH,Doha,Qatar,Middle East,2026-09-28,2026-10-05,AUD,,,,,,,,,no_data
2026-08-29,PER,AUH,Abu Dhabi,United Arab Emirates,Middle East,2026-09-28,2026-10-05,AUD,,,,,,,,,no_data
2026-08-29,PER,LHR,London,United Kingdom,Europe,2026-09-28,2026-10-05,AUD,,,,,,,,,no_data
2026-08-29,PER,CDG,Paris,France,Europe,2026-09-28,2026-10-05,AUD,,,,,,,,,no_data
2026-08-29,PER,FRA,Frankfurt,Germany,Europe,2026-09-28,2026-10-05,AUD,,,,,,,,,no_data
2026-08-29,PER,AMS,Amsterdam,Netherlands,Europe,2026-09-28,2026-10-05,AUD,,,,,,,,,no_data
2026-08-29,PER,FCO,Rome,Italy,Europe,2026-09-28,2026-10-05,AUD,,,,,,,,,no_data
2026-08-29,PER,MAD,Madrid,Spain,Europe,2026-09-28,2026-10-05,AUD,,,,,,,,,no_data
2026-08-29,PER,IST,Istanbul,Turkey,Europe,2026-09-28,2026-10-05,AUD,,,,,,,,,no_data
2026-08-29,PER,ZRH,Zurich,Switzerland,Europe,2026-09-28,2026-10-05,AUD,,,,,,,,,no_data
2026-08-29,PER,JNB,Johannesburg,South Africa,Africa,2026-09-11,2026-09-20,AUD,1928.0,MH,2,2,1380,1240,2,au,ok_flex
2026-08-29,PER,CAI,Cairo,Egypt,Africa,2026-09-28,2026-10-05,AUD,,,,,,,,,no_data
2026-08-29,PER,JFK,New York,United States,Americas,2026-09-28,2026-10-05,AUD,,,,,,,,,no_data
2026-08-29,PER,LAX,Los Angeles,United States,Americas,2026-09-28,2026-10-05,AUD,,,,,,,,,no_data
2026-08-29,PER,SFO,San Francisco,United States,Americas,2026-09-28,2026-10-05,AUD,,,,,,,,,no_data
2026-08-29,PER,YVR,Vancouver,Canada,Americas,2026-09-28,2026-10-05,AUD,,,,,,,,,no_data
2026-08-29,PER,YYZ,Toronto,Canada,Americas,2026-09-28,2026-10-05,AUD,,,,,,,,,no_data
2026-08-30,PER,SYD,Sydney,Australia,Australia & NZ,2026-09-09,2026-09-16,AUD,579.0,JQ,0,0,245,305,2,au,ok_flex
2026-08-30,PER,MEL,Melbourne,Australia,Australia & NZ,2026-09-12,2026-09-15,AUD,482.0,JQ,0,0,215,250,5,au,ok_flex
2026-08-30,PER,BNE,Brisbane,Australia,Australia & NZ,2026-09-04,2026-09-11,AUD,686.0,JQ,0,0,265,330,1,au,ok_flex
2026-08-30,PER,ADL,Adelaide,Australia,Australia & NZ,2026-09-26,2026-10-05,AUD,615.0,JQ,0,0,190,215,1,au,ok_flex
2026-08-30,PER,AKL,Auckland,New Zealand,Australia & NZ,2026-09-29,2026-10-06,AUD,,,,,,,,,no_data
2026-08-30,PER,CHC,Christchurch,New Zealand,Australia & NZ,2026-09-29,2026-10-06,AUD,,,,,,,,,no_data
2026-08-30,PER,SIN,Singapore,Singapore,Southeast Asia,2026-09-02,2026-09-04,AUD,563.0,TR,0,1,320,405,2,au,ok_flex
2026-08-30,PER,KUL,Kuala Lumpur,Malaysia,Southeast Asia,2026-09-10,2026-09-18,AUD,396.0,AK,0,0,335,345,3,au,ok_flex
2026-08-30,PER,BKK,Bangkok,Thailand,Southeast Asia,2026-09-03,2026-09-10,AUD,546.0,TR,1,1,475,460,3,au,ok_flex
2026-08-30,PER,CGK,Jakarta,Indonesia,Southeast Asia,2026-09-20,2026-10-01,AUD,734.0,OD,1,1,485,420,1,au,ok_flex
2026-08-30,PER,DPS,Denpasar,Indonesia,Southeast Asia,2026-09-07,2026-09-19,AUD,574.0,8B,0,0,225,225,8,au,ok_flex
2026-08-30,PER,SGN,Ho Chi Minh City,Vietnam,Southeast Asia,2026-09-03,2026-09-07,AUD,558.0,TR,2,0,510,415,8,au,ok_flex
2026-08-30,PER,HAN,Hanoi,Vietnam,Southeast Asia,2026-09-29,2026-10-06,AUD,,,,,,,,,no_data
2026-08-30,PER,MNL,Manila,Philippines,Southeast Asia,2026-09-01,2026-09-08,AUD,591.0,TR,1,1,560,535,5,au,ok_flex
2026-08-30,PER,HKG,Hong Kong,Hong Kong,East Asia,2026-09-29,2026-10-06,AUD,,,,,,,,,no_data
2026-08-30,PER,TPE,Taipei,Taiwan,East Asia,2026-09-29,2026-10-06,AUD,,,,,,,,,no_data
2026-08-30,PER,ICN,Seoul,South Korea,East Asia,2026-09-29,2026-10-06,AUD,,,,,,,,,no_data
2026-08-30,PER,NRT,Tokyo,Japan,East Asia,2026-09-29,2026-10-06,AUD,,,,,,,,,no_data
2026-08-30,PER,KIX,Osaka,Japan,East Asia,2026-09-29,2026-10-06,AUD,,,,,,,,,no_data
2026-08-30,PER,PVG,Shanghai,China,East Asia,2026-09-29,2026-10-06,AUD,,,,,,,,,no_data
2026-08-30,PER,PEK,Beijing,China,East Asia,2026-09-29,2026-10-06,AUD,,,,,,,,,no_data
2026-08-30,PER,CAN,Guangzhou,China,East Asia,2026-09-29,2026-10-06,AUD,,,,,,,,,no_data
2026-08-30,PER,DEL,Delhi,India,South Asia,2026-09-08,2026-09-15,AUD,1013.0,CX,1,1,820,795,1,au,ok_flex
2026-08-30,PER,BOM,Mumbai,India,South Asia,2026-09-29,2026-10-06,AUD,,,,,,,,,no_data
2026-08-30,PER,CMB,Colombo,Sri Lanka,South Asia,2026-09-29,2026-10-06,AUD,,,,,,,,,no_data
2026-08-30,PER,DXB,Dubai,United Arab Emirates,Middle East,2026-09-27,2026-10-04,AUD,1573.0,OD,1,2,765,835,1,au,ok_flex
2026-08-30,PER,DOH,Doha,Qatar,Middle East,2026-09-29,2026-10-06,AUD,,,,,,,,,no_data
2026-08-30,PER,AUH,Abu Dhabi,United Arab Emirates,Middle East,2026-09-29,2026-10-06,AUD,,,,,,,,,no_data
2026-08-30,PER,LHR,London,United Kingdom,Europe,2026-09-29,2026-10-06,AUD,,,,,,,,,no_data
2026-08-30,PER,CDG,Paris,France,Europe,2026-09-29,2026-10-06,AUD,,,,,,,,,no_data
2026-08-30,PER,FRA,Frankfurt,Germany,Europe,2026-09-29,2026-10-06,AUD,,,,,,,,,no_data
2026-08-30,PER,AMS,Amsterdam,Netherlands,Europe,2026-09-29,2026-10-06,AUD,,,,,,,,,no_data
2026-08-30,PER,FCO,Rome,Italy,Europe,2026-09-29,2026-10-06,AUD,,,,,,,,,no_data
2026-08-30,PER,MAD,Madrid,Spain,Europe,2026-09-29,2026-10-06,AUD,,,,,,,,,no_data
2026-08-30,PER,IST,Istanbul,Turkey,Europe,2026-09-29,2026-10-06,AUD,,,,,,,,,no_data
2026-08-30,PER,ZRH,Zurich,Switzerland,Europe,2026-09-29,2026-10-06,AUD,,,,,,,,,no_data
2026-08-30,PER,JNB,Johannesburg,South Africa,Africa,2026-09-11,2026-09-20,AUD,1928.0,MH,2,2,1380,1240,3,au,ok_flex
2026-08-30,PER,CAI,Cairo,Egypt,Africa,2026-09-29,2026-10-06,AUD,,,,,,,,,no_data
2026-08-30,PER,JFK,New York,United States,Americas,2026-09-29,2026-10-06,AUD,,,,,,,,,no_data
2026-08-30,PER,LAX,Los Angeles,United States,Americas,2026-09-29,2026-10-06,AUD,,,,,,,,,no_data
2026-08-30,PER,SFO,San Francisco,United States,Americas,2026-09-29,2026-10-06,AUD,,,,,,,,,no_data
2026-08-30,PER,YVR,Vancouver,Canada,Americas,2026-09-29,2026-10-06,AUD,,,,,,,,,no_data
2026-08-30,PER,YYZ,Toronto,Canada,Americas,2026-09-29,2026-10-06,AUD,,,,,,,,,no_data
